petak,hamparan,rezim,luas_m2,luas_ha,tanam,hari_musim,hujan_mm,irigasi_mm,irigasi_m3,irigasi_mm_andalan,irigasi_m3_andalan,irigasi_pl_mm,wlr_mm,nfr_mm_hari,dr_l_detik_ha,debit_l_detik,debit_l_detik_andalan,isi_mm,isi_m3,Q_isi_l_detik,diameter_cm,etc_mm,etc_m3,perkolasi_mm,perkolasi_m3,limpasan_mm,limpasan_m3,masuk_mm,keluar_mm,water_loss_m3,etc_pct,perkolasi_pct,limpasan_pct,loss_pct_masuk,irigasi_pct_masuk,hujan_pct_masuk,tma_rata,tma_min,hari_diairi,hari_kering,hari_limpas
SWH-00,H1,FL,17554.735579,1.755474,Jan-1,140,1380.3,230.384205,4044.333801,283.694812,4980.187416,114.475356,100.0,1.645601,0.29302,0.514389,0.633418,81.448133,1429.800438,66.194465,55.398155,488.065199,8567.855518,280.0,4915.325962,667.713901,11721.540977,1599.13835,1403.994011,24646.743613,34.762627,19.943105,47.558173,87.796907,14.406771,86.315233,39.338476,4.124265,49.0,0.0,65.0
SWH-02,H1,FL,2976.367394,0.297637,Jan-1,140,1380.3,230.384205,685.708036,283.694812,844.379989,114.475356,100.0,1.645601,0.29302,0.087214,0.107395,81.448133,242.419567,11.223128,22.810848,488.065199,1452.661345,280.0,833.38287,667.713901,1987.361884,1599.13835,1403.994011,4178.801995,34.762627,19.943105,47.558173,87.796907,14.406771,86.315233,39.338476,4.124265,49.0,0.0,65.0
SWH-03,H1,FL,753.96363,0.075396,Jan-1,140,1380.3,230.384205,173.701312,283.694812,213.895571,114.475356,100.0,1.645601,0.29302,0.022093,0.027205,81.448133,61.40893,2.843006,11.480832,488.065199,367.983409,280.0,211.109816,667.713901,503.431997,1599.13835,1403.994011,1058.560421,34.762627,19.943105,47.558173,87.796907,14.406771,86.315233,39.338476,4.124265,49.0,0.0,65.0
SWH-04,H1,FL,476.165086,0.047617,Jan-1,140,1380.3,230.384205,109.700915,283.694812,135.085565,114.475356,100.0,1.645601,0.29302,0.013953,0.017181,81.448133,38.782757,1.795498,9.123825,488.065199,232.399608,280.0,133.326224,667.713901,317.942047,1599.13835,1403.994011,668.532929,34.762627,19.943105,47.558173,87.796907,14.406771,86.315233,39.338476,4.124265,49.0,0.0,65.0
SWH-06,H1,FL,1113.428737,0.111343,Jan-1,140,1380.3,230.384205,256.516394,283.694812,315.873957,114.475356,100.0,1.645601,0.29302,0.032626,0.040175,81.448133,90.686692,4.198458,13.951772,488.065199,543.425818,280.0,311.760046,667.713901,743.451846,1599.13835,1403.994011,1563.247278,34.762627,19.943105,47.558173,87.796907,14.406771,86.315233,39.338476,4.124265,49.0,0.0,65.0
SWH-07,H1,FL,1653.832512,0.165383,Jan-1,140,1380.3,230.384205,381.016889,283.694812,469.183704,114.475356,100.0,1.645601,0.29302,0.048461,0.059674,81.448133,134.70157,6.236184,17.003719,488.065199,807.178095,280.0,463.073103,667.713901,1104.286958,1599.13835,1403.994011,2321.970942,34.762627,19.943105,47.558173,87.796907,14.406771,86.315233,39.338476,4.124265,49.0,0.0,65.0
SWH-08,H1,FL,1012.361547,0.101236,Jan-1,140,1380.3,230.384205,233.23211,283.694812,287.201719,114.475356,100.0,1.645601,0.29302,0.029664,0.036528,81.448133,82.454958,3.817359,13.303502,488.065199,494.09844,280.0,283.461233,667.713901,675.967878,1599.13835,1403.994011,1421.349549,34.762627,19.943105,47.558173,87.796907,14.406771,86.315233,39.338476,4.124265,49.0,0.0,65.0
SWH-09,H1,FL,831.410643,0.083141,Jan-1,140,1380.3,230.384205,191.54388,283.694812,235.866886,114.475356,100.0,1.645601,0.29302,0.024362,0.029999,81.448133,67.716845,3.135039,12.056075,488.065199,405.782601,280.0,232.79498,667.713901,555.144444,1599.13835,1403.994011,1167.295563,34.762627,19.943105,47.558173,87.796907,14.406771,86.315233,39.338476,4.124265,49.0,0.0,65.0
SWH-10,H1,FL,836.530913,0.083653,Jan-1,140,1380.3,230.384205,192.723509,283.694812,237.31948,114.475356,100.0,1.645601,0.29302,0.024512,0.030184,81.448133,68.133881,3.154346,12.093142,488.065199,408.281627,280.0,234.228656,667.713901,558.563319,1599.13835,1403.994011,1174.484392,34.762627,19.943105,47.558173,87.796907,14.406771,86.315233,39.338476,4.124265,49.0,0.0,65.0
SWH-11,H1,FL,722.350857,0.072235,Jan-1,140,1380.3,230.384205,166.418228,283.694812,204.927191,114.475356,100.0,1.645601,0.29302,0.021166,0.026064,81.448133,58.834129,2.723802,11.237566,488.065199,352.554315,280.0,202.25824,667.713901,482.323709,1599.13835,1403.994011,1014.176277,34.762627,19.943105,47.558173,87.796907,14.406771,86.315233,39.338476,4.124265,49.0,0.0,65.0
SWH-12,H1,FL,689.258943,0.068926,Jan-1,140,1380.3,230.384205,158.794374,283.694812,195.539186,114.475356,100.0,1.645601,0.29302,0.020197,0.02487,81.448133,56.138854,2.599021,10.977144,488.065199,336.403303,280.0,192.992504,667.713901,460.227778,1599.13835,1403.994011,967.715428,34.762627,19.943105,47.558173,87.796907,14.406771,86.315233,39.338476,4.124265,49.0,0.0,65.0
SWH-13,H1,FL,1734.531982,0.173453,Jan-1,140,1380.3,230.384205,399.608772,283.694812,492.077725,114.475356,100.0,1.645601,0.29302,0.050825,0.062586,81.448133,141.274392,6.540481,17.41363,488.065199,846.564697,280.0,485.668955,667.713901,1158.171116,1599.13835,1403.994011,2435.272514,34.762627,19.943105,47.558173,87.796907,14.406771,86.315233,39.338476,4.124265,49.0,0.0,65.0
SWH-15,H1,FL,1743.123251,0.174312,Jan-1,140,1380.3,230.384205,401.588064,283.694812,494.515024,114.475356,100.0,1.645601,0.29302,0.051077,0.062896,81.448133,141.974134,6.572877,17.456702,488.065199,850.757797,280.0,488.07451,667.713901,1163.907626,1599.13835,1403.994011,2447.334604,34.762627,19.943105,47.558173,87.796907,14.406771,86.315233,39.338476,4.124265,49.0,0.0,65.0
SWH-19,H2,FL,1353.893162,0.135389,Jan-1,140,1380.3,230.384205,311.9156,283.694812,384.092467,114.475356,100.0,1.645601,0.29302,0.039672,0.048852,81.448133,110.27207,5.105188,15.384747,488.065199,660.788136,280.0,379.090085,667.713901,904.013285,1599.13835,1403.994011,1900.857891,34.762627,19.943105,47.558173,87.796907,14.406771,86.315233,39.338476,4.124265,49.0,0.0,65.0
SWH-20,H2,FL,1741.484438,0.174148,Jan-1,140,1380.3,230.384205,401.210508,283.694812,494.050101,114.475356,100.0,1.645601,0.29302,0.051029,0.062837,81.448133,141.840656,6.566697,17.448494,488.065199,849.957949,280.0,487.615643,667.713901,1162.813368,1599.13835,1403.994011,2445.033721,34.762627,19.943105,47.558173,87.796907,14.406771,86.315233,39.338476,4.124265,49.0,0.0,65.0
SWH-21,H2,FL,1389.824665,0.138982,Jan-1,140,1380.3,230.384205,320.193651,283.694812,394.286048,114.475356,100.0,1.645601,0.29302,0.040725,0.050148,81.448133,113.198624,5.240677,15.587561,488.065199,678.325052,280.0,389.150906,667.713901,928.005249,1599.13835,1403.994011,1951.305506,34.762627,19.943105,47.558173,87.796907,14.406771,86.315233,39.338476,4.124265,49.0,0.0,65.0
SWH-22,H2,FL,669.163358,0.066916,Jan-1,140,1380.3,230.384205,154.164668,283.694812,189.838173,114.475356,100.0,1.645601,0.29302,0.019608,0.024145,81.448133,54.502106,2.523246,10.815939,488.065199,326.595348,280.0,187.36574,667.713901,446.809676,1599.13835,1403.994011,939.501347,34.762627,19.943105,47.558173,87.796907,14.406771,86.315233,39.338476,4.124265,49.0,0.0,65.0
SWH-23,H2,FL,631.879624,0.063188,Jan-1,140,1380.3,230.384205,145.575085,283.694812,179.260971,114.475356,100.0,1.645601,0.29302,0.018515,0.0228,81.448133,51.465416,2.382658,10.510305,488.065199,308.398455,280.0,176.926295,667.713901,421.914809,1599.13835,1403.994011,887.155208,34.762627,19.943105,47.558173,87.796907,14.406771,86.315233,39.338476,4.124265,49.0,0.0,65.0
SWH-24,H2,FL,1685.885586,0.168589,Jan-1,140,1380.3,230.384205,388.401411,283.694812,478.276995,114.475356,100.0,1.645601,0.29302,0.0494,0.060831,81.448133,137.312233,6.357048,17.167703,488.065199,822.822084,280.0,472.047964,667.713901,1125.689242,1599.13835,1403.994011,2366.973266,34.762627,19.943105,47.558173,87.796907,14.406771,86.315233,39.338476,4.124265,49.0,0.0,65.0
SWH-25,H2,FL,2204.905424,0.220491,Jan-1,140,1380.3,230.384205,507.975383,283.694812,625.52023,114.475356,100.0,1.645601,0.29302,0.064608,0.079559,81.448133,179.58543,8.31414,19.633293,488.065199,1076.137605,280.0,617.373519,667.713901,1472.246002,1599.13835,1403.994011,3095.67401,34.762627,19.943105,47.558173,87.796907,14.406771,86.315233,39.338476,4.124265,49.0,0.0,65.0
SWH-26,H2,FL,2036.080327,0.203608,Jan-1,140,1380.3,230.384205,469.080748,283.694812,577.625426,114.475356,100.0,1.645601,0.29302,0.059661,0.073467,81.448133,165.834941,7.677544,18.866685,488.065199,993.739951,280.0,570.102492,667.713901,1359.519138,1599.13835,1403.994011,2858.644584,34.762627,19.943105,47.558173,87.796907,14.406771,86.315233,39.338476,4.124265,49.0,0.0,65.0
SWH-27,H2,FL,354.545987,0.035455,Jan-1,140,1380.3,230.384205,81.681795,283.694812,100.582857,114.475356,100.0,1.645601,0.29302,0.010389,0.012793,81.448133,28.877109,1.336903,7.872895,488.065199,173.041558,280.0,99.272876,667.713901,236.735284,1599.13835,1403.994011,497.780442,34.762627,19.943105,47.558173,87.796907,14.406771,86.315233,39.338476,4.124265,49.0,0.0,65.0
SWH-28,H2,FL,304.01258,0.030401,Jan-1,140,1380.3,230.384205,70.039697,283.694812,86.246792,114.475356,100.0,1.645601,0.29302,0.008908,0.010969,81.448133,24.761257,1.146354,7.290275,488.065199,148.37796,280.0,85.123522,667.713901,202.993426,1599.13835,1403.994011,426.831842,34.762627,19.943105,47.558173,87.796907,14.406771,86.315233,39.338476,4.124265,49.0,0.0,65.0
SWH-29,H2,FL,558.08877,0.055809,Jan-1,140,1380.3,230.384205,128.574838,283.694812,158.326889,114.475356,100.0,1.645601,0.29302,0.016353,0.020137,81.448133,45.455288,2.104411,9.877563,488.065199,272.383707,280.0,156.264856,667.713901,372.64363,1599.13835,1403.994011,783.553291,34.762627,19.943105,47.558173,87.796907,14.406771,86.315233,39.338476,4.124265,49.0,0.0,65.0
SWH-30,H2,FL,565.2068,0.056521,Jan-1,140,1380.3,230.384205,130.214719,283.694812,160.346237,114.475356,100.0,1.645601,0.29302,0.016562,0.020394,81.448133,46.035039,2.131252,9.940354,488.065199,275.857769,280.0,158.257904,667.713901,377.396437,1599.13835,1403.994011,793.546962,34.762627,19.943105,47.558173,87.796907,14.406771,86.315233,39.338476,4.124265,49.0,0.0,65.0
SWH-31,H2,FL,1916.78666,0.191679,Jan-1,140,1380.3,230.384205,441.597371,283.694812,543.782432,114.475356,100.0,1.645601,0.29302,0.056166,0.069163,81.448133,156.118695,7.227717,18.305645,488.065199,935.516863,280.0,536.700265,667.713901,1279.865098,1599.13835,1403.994011,2691.15699,34.762627,19.943105,47.558173,87.796907,14.406771,86.315233,39.338476,4.124265,49.0,0.0,65.0
SWH-32,H2,FL,1646.979017,0.164698,Jan-1,140,1380.3,230.384205,379.437952,283.694812,467.239403,114.475356,100.0,1.645601,0.29302,0.04826,0.059427,81.448133,134.143366,6.210341,16.968451,488.065199,803.833142,280.0,461.154125,667.713901,1099.710785,1599.13835,1403.994011,2312.348676,34.762627,19.943105,47.558173,87.796907,14.406771,86.315233,39.338476,4.124265,49.0,0.0,65.0
SWH-33,H2,FL,1043.08843,0.104309,Jan-1,140,1380.3,230.384205,240.311099,283.694812,295.918776,114.475356,100.0,1.645601,0.29302,0.030565,0.037637,81.448133,84.957605,3.933222,13.503885,488.065199,509.095162,280.0,292.06476,667.713901,696.484645,1599.13835,1403.994011,1464.489908,34.762627,19.943105,47.558173,87.796907,14.406771,86.315233,39.338476,4.124265,49.0,0.0,65.0
SWH-34,H2,FL,1271.96644,0.127197,Jan-1,140,1380.3,230.384205,293.040977,283.694812,360.85028,114.475356,100.0,1.645601,0.29302,0.037271,0.045896,81.448133,103.599292,4.796264,14.912003,488.065199,620.802554,280.0,356.150603,667.713901,849.309674,1599.13835,1403.994011,1785.833264,34.762627,19.943105,47.558173,87.796907,14.406771,86.315233,39.338476,4.124265,49.0,0.0,65.0
SWH-35,H2,FL,1272.472181,0.127247,Jan-1,140,1380.3,230.384205,293.157492,283.694812,360.993757,114.475356,100.0,1.645601,0.29302,0.037286,0.045914,81.448133,103.640483,4.798171,14.914967,488.065199,621.049389,280.0,356.292211,667.713901,849.647364,1599.13835,1403.994011,1786.543321,34.762627,19.943105,47.558173,87.796907,14.406771,86.315233,39.338476,4.124265,49.0,0.0,65.0
SWH-36,H2,FL,627.808878,0.062781,Jan-1,140,1380.3,230.384205,144.637249,283.694812,178.106122,114.475356,100.0,1.645601,0.29302,0.018396,0.022653,81.448133,51.133861,2.367308,10.476395,488.065199,306.411665,280.0,175.786486,667.713901,419.196715,1599.13835,1403.994011,881.439905,34.762627,19.943105,47.558173,87.796907,14.406771,86.315233,39.338476,4.124265,49.0,0.0,65.0
SWH-37,H2,FL,729.984199,0.072998,Jan-1,140,1380.3,230.384205,168.176829,283.694812,207.09273,114.475356,100.0,1.645601,0.29302,0.02139,0.026339,81.448133,59.45585,2.752586,11.296786,488.065199,356.279884,280.0,204.395576,667.713901,487.420597,1599.13835,1403.994011,1024.893443,34.762627,19.943105,47.558173,87.796907,14.406771,86.315233,39.338476,4.124265,49.0,0.0,65.0
SWH-38,H2,FL,609.175478,0.060918,Jan-1,140,1380.3,230.384205,140.344408,283.694812,172.819923,114.475356,100.0,1.645601,0.29302,0.01785,0.021981,81.448133,49.616205,2.297047,10.319754,488.065199,297.317351,280.0,170.569134,667.713901,406.754935,1599.13835,1403.994011,855.278723,34.762627,19.943105,47.558173,87.796907,14.406771,86.315233,39.338476,4.124265,49.0,0.0,65.0
SWH-39,H2,FL,601.455452,0.060146,Jan-1,140,1380.3,230.384205,138.565836,283.694812,170.629792,114.475356,100.0,1.645601,0.29302,0.017624,0.021702,81.448133,48.987424,2.267936,10.254155,488.065199,293.549475,280.0,168.407527,667.713901,401.600166,1599.13835,1403.994011,844.439852,34.762627,19.943105,47.558173,87.796907,14.406771,86.315233,39.338476,4.124265,49.0,0.0,65.0
SWH-40,H2,FL,1028.749659,0.102875,Jan-1,140,1380.3,230.384205,237.007672,283.694812,291.850941,114.475356,100.0,1.645601,0.29302,0.030144,0.03712,81.448133,83.789739,3.879155,13.410748,488.065199,502.096907,280.0,288.049905,667.713901,686.910448,1599.13835,1403.994011,1444.35836,34.762627,19.943105,47.558173,87.796907,14.406771,86.315233,39.338476,4.124265,49.0,0.0,65.0
SWH-41,H2,FL,1340.85423,0.134085,Jan-1,140,1380.3,230.384205,308.911636,283.694812,380.393389,114.475356,100.0,1.645601,0.29302,0.03929,0.048381,81.448133,109.210074,5.056022,15.310485,488.065199,654.424287,280.0,375.439184,667.713901,895.307009,1599.13835,1403.994011,1882.551308,34.762627,19.943105,47.558173,87.796907,14.406771,86.315233,39.338476,4.124265,49.0,0.0,65.0
SWH-42,H2,FL,237.365632,0.023737,Jan-1,140,1380.3,230.384205,54.685292,283.694812,67.339398,114.475356,100.0,1.645601,0.29302,0.006955,0.008565,81.448133,19.332988,0.895046,6.441798,488.065199,115.849904,280.0,66.462377,667.713901,158.492332,1599.13835,1403.994011,333.259926,34.762627,19.943105,47.558173,87.796907,14.406771,86.315233,39.338476,4.124265,49.0,0.0,65.0
SWH-43,H2,FL,1201.622292,0.120162,Jan-1,140,1380.3,230.384205,276.834797,283.694812,340.894011,114.475356,100.0,1.645601,0.29302,0.03521,0.043357,81.448133,97.869892,4.531014,14.493796,488.065199,586.470023,280.0,336.454242,667.713901,802.339908,1599.13835,1403.994011,1687.070501,34.762627,19.943105,47.558173,87.796907,14.406771,86.315233,39.338476,4.124265,49.0,0.0,65.0
SWH-44,H2,FL,736.6182,0.073662,Jan-1,140,1380.3,230.384205,169.705198,283.694812,208.974762,114.475356,100.0,1.645601,0.29302,0.021584,0.026579,81.448133,59.996177,2.777601,11.348001,488.065199,359.517709,280.0,206.253096,667.713901,491.850212,1599.13835,1403.994011,1034.207541,34.762627,19.943105,47.558173,87.796907,14.406771,86.315233,39.338476,4.124265,49.0,0.0,65.0
SWH-01,H3,FL,16924.164364,1.692416,Jan-1,140,1380.3,230.384205,3899.060153,283.694812,4801.297633,114.475356,100.0,1.645601,0.29302,0.495912,0.610665,81.448133,1378.44159,63.81674,54.394097,488.065199,8260.095653,280.0,4738.766022,667.713901,11300.499811,1599.13835,1403.994011,23761.425404,34.762627,19.943105,47.558173,87.796907,14.406771,86.315233,39.338476,4.124265,49.0,0.0,65.0
SWH-17,H4,FL,127.443807,0.012744,Jan-1,140,1380.3,230.384205,29.36104,283.694812,36.155147,114.475356,100.0,1.645601,0.29302,0.003734,0.004598,81.448133,10.38006,0.480558,4.720169,488.065199,62.200887,280.0,35.684266,667.713901,85.096002,1599.13835,1403.994011,178.930342,34.762627,19.943105,47.558173,87.796907,14.406771,86.315233,39.338476,4.124265,49.0,0.0,65.0
SWH-00,H1,SRI,17554.735579,1.755474,Jan-1,140,1380.3,122.673597,2153.502564,183.694812,3224.713858,114.475356,0.0,0.87624,0.156026,0.273899,0.410144,71.448133,1254.253083,58.067272,51.885998,471.549923,8277.934214,192.0,3370.509231,657.872263,11548.773626,1483.83835,1288.976566,22627.642781,36.583281,14.895538,51.038342,86.867722,8.267315,93.022262,30.047028,-0.689989,19.0,1.0,64.0
SWH-02,H1,SRI,2976.367394,0.297637,Jan-1,140,1380.3,122.673597,365.121695,183.694812,546.74325,114.475356,0.0,0.87624,0.156026,0.046439,0.069539,71.448133,212.655893,9.84518,21.364675,471.549923,1403.505816,192.0,571.46254,657.872263,1958.069554,1483.83835,1288.976566,3836.467822,36.583281,14.895538,51.038342,86.867722,8.267315,93.022262,30.047028,-0.689989,19.0,1.0,64.0
SWH-03,H1,SRI,753.96363,0.075396,Jan-1,140,1380.3,122.673597,92.491431,183.694812,138.499208,114.475356,0.0,0.87624,0.156026,0.011764,0.017615,71.448133,53.869294,2.493949,10.752965,471.549923,355.531492,192.0,144.761017,657.872263,496.01176,1483.83835,1288.976566,971.841451,36.583281,14.895538,51.038342,86.867722,8.267315,93.022262,30.047028,-0.689989,19.0,1.0,64.0
SWH-04,H1,SRI,476.165086,0.047617,Jan-1,140,1380.3,122.673597,58.412884,183.694812,87.469056,114.475356,0.0,0.87624,0.156026,0.007429,0.011125,71.448133,34.021106,1.575051,8.545388,471.549923,224.53561,192.0,91.423697,657.872263,313.255803,1483.83835,1288.976566,613.765637,36.583281,14.895538,51.038342,86.867722,8.267315,93.022262,30.047028,-0.689989,19.0,1.0,64.0
SWH-06,H1,SRI,1113.428737,0.111343,Jan-1,140,1380.3,122.673597,136.588309,183.694812,204.531083,114.475356,0.0,0.87624,0.156026,0.017372,0.026014,71.448133,79.552404,3.682982,13.067251,471.549923,525.037235,192.0,213.778318,657.872263,732.493883,1483.83835,1288.976566,1435.18355,36.583281,14.895538,51.038342,86.867722,8.267315,93.022262,30.047028,-0.689989,19.0,1.0,64.0
SWH-07,H1,SRI,1653.832512,0.165383,Jan-1,140,1380.3,122.673597,202.881584,183.694812,303.800453,114.475356,0.0,0.87624,0.156026,0.025804,0.03864,71.448133,118.163245,5.470521,15.92571,471.549923,779.864594,192.0,317.535842,657.872263,1088.010538,1483.83835,1288.976566,2131.751352,36.583281,14.895538,51.038342,86.867722,8.267315,93.022262,30.047028,-0.689989,19.0,1.0,64.0
SWH-08,H1,SRI,1012.361547,0.101236,Jan-1,140,1380.3,122.673597,124.190033,183.694812,185.965564,114.475356,0.0,0.87624,0.156026,0.015795,0.023652,71.448133,72.331342,3.348673,12.460081,471.549923,477.37901,192.0,194.373417,657.872263,666.004582,1483.83835,1288.976566,1304.91031,36.583281,14.895538,51.038342,86.867722,8.267315,93.022262,30.047028,-0.689989,19.0,1.0,64.0
SWH-09,H1,SRI,831.410643,0.083141,Jan-1,140,1380.3,122.673597,101.992134,183.694812,152.725822,114.475356,0.0,0.87624,0.156026,0.012972,0.019425,71.448133,59.402738,2.750127,11.291739,471.549923,392.051625,192.0,159.630843,657.872263,546.962001,1483.83835,1288.976566,1071.668835,36.583281,14.895538,51.038342,86.867722,8.267315,93.022262,30.047028,-0.689989,19.0,1.0,64.0
SWH-10,H1,SRI,836.530913,0.083653,Jan-1,140,1380.3,122.673597,102.620256,183.694812,153.666389,114.475356,0.0,0.87624,0.156026,0.013052,0.019544,71.448133,59.768572,2.767064,11.326456,471.549923,394.466088,192.0,160.613935,657.872263,550.330485,1483.83835,1288.976566,1078.268743,36.583281,14.895538,51.038342,86.867722,8.267315,93.022262,30.047028,-0.689989,19.0,1.0,64.0
SWH-11,H1,SRI,722.350857,0.072235,Jan-1,140,1380.3,122.673597,88.613378,183.694812,132.692105,114.475356,0.0,0.87624,0.156026,0.011271,0.016877,71.448133,51.61062,2.389381,10.525122,471.549923,340.624491,192.0,138.691365,657.872263,475.214593,1483.83835,1288.976566,931.093327,36.583281,14.895538,51.038342,86.867722,8.267315,93.022262,30.047028,-0.689989,19.0,1.0,64.0
SWH-12,H1,SRI,689.258943,0.068926,Jan-1,140,1380.3,122.673597,84.553874,183.694812,126.613292,114.475356,0.0,0.87624,0.156026,0.010754,0.016104,71.448133,49.246265,2.27992,10.28121,471.549923,325.020002,192.0,132.337717,657.872263,453.444341,1483.83835,1288.976566,888.438625,36.583281,14.895538,51.038342,86.867722,8.267315,93.022262,30.047028,-0.689989,19.0,1.0,64.0
SWH-13,H1,SRI,1734.531982,0.173453,Jan-1,140,1380.3,122.673597,212.781278,183.694812,318.624527,114.475356,0.0,0.87624,0.156026,0.027063,0.040525,71.448133,123.929072,5.737457,16.309633,471.549923,817.918423,192.0,333.030141,657.872263,1141.100481,1483.83835,1288.976566,2235.771077,36.583281,14.895538,51.038342,86.867722,8.267315,93.022262,30.047028,-0.689989,19.0,1.0,64.0
SWH-15,H1,SRI,1743.123251,0.174312,Jan-1,140,1380.3,122.673597,213.8352,183.694812,320.202698,114.475356,0.0,0.87624,0.156026,0.027197,0.040726,71.448133,124.542902,5.765875,16.349974,471.549923,821.969635,192.0,334.679664,657.872263,1146.752438,1483.83835,1288.976566,2246.845022,36.583281,14.895538,51.038342,86.867722,8.267315,93.022262,30.047028,-0.689989,19.0,1.0,64.0
SWH-19,H2,SRI,1353.893162,0.135389,Jan-1,140,1380.3,122.673597,166.086945,183.694812,248.70315,114.475356,0.0,0.87624,0.156026,0.021124,0.031632,71.448133,96.733139,4.478386,14.409378,471.549923,638.428217,192.0,259.947487,657.872263,890.688759,1483.83835,1288.976566,1745.136558,36.583281,14.895538,51.038342,86.867722,8.267315,93.022262,30.047028,-0.689989,19.0,1.0,64.0
SWH-20,H2,SRI,1741.484438,0.174148,Jan-1,140,1380.3,122.673597,213.634161,183.694812,319.901657,114.475356,0.0,0.87624,0.156026,0.027172,0.040687,71.448133,124.425812,5.760454,16.342287,471.549923,821.196853,192.0,334.365012,657.872263,1145.674309,1483.83835,1288.976566,2244.73263,36.583281,14.895538,51.038342,86.867722,8.267315,93.022262,30.047028,-0.689989,19.0,1.0,64.0
SWH-21,H2,SRI,1389.824665,0.138982,Jan-1,140,1380.3,122.673597,170.494791,183.694812,255.303581,114.475356,0.0,0.87624,0.156026,0.021685,0.032471,71.448133,99.300378,4.59724,14.599334,471.549923,655.371714,192.0,266.846336,657.872263,914.327098,1483.83835,1288.976566,1791.451424,36.583281,14.895538,51.038342,86.867722,8.267315,93.022262,30.047028,-0.689989,19.0,1.0,64.0
SWH-22,H2,SRI,669.163358,0.066916,Jan-1,140,1380.3,122.673597,82.088676,183.694812,122.921837,114.475356,0.0,0.87624,0.156026,0.010441,0.015634,71.448133,47.810473,2.213448,10.130225,471.549923,315.54393,192.0,128.479365,657.872263,440.224013,1483.83835,1288.976566,862.535887,36.583281,14.895538,51.038342,86.867722,8.267315,93.022262,30.047028,-0.689989,19.0,1.0,64.0
SWH-23,H2,SRI,631.879624,0.063188,Jan-1,140,1380.3,122.673597,77.514947,183.694812,116.073009,114.475356,0.0,0.87624,0.156026,0.009859,0.014763,71.448133,45.146619,2.090121,9.843968,471.549923,297.962788,192.0,121.320888,657.872263,415.696078,1483.83835,1288.976566,814.478028,36.583281,14.895538,51.038342,86.867722,8.267315,93.022262,30.047028,-0.689989,19.0,1.0,64.0
SWH-24,H2,SRI,1685.885586,0.168589,Jan-1,140,1380.3,122.673597,206.81365,183.694812,309.688436,114.475356,0.0,0.87624,0.156026,0.026304,0.039389,71.448133,120.453378,5.576545,16.079298,471.549923,794.979219,192.0,323.690033,657.872263,1109.097366,1483.83835,1288.976566,2173.067013,36.583281,14.895538,51.038342,86.867722,8.267315,93.022262,30.047028,-0.689989,19.0,1.0,64.0
SWH-25,H2,SRI,2204.905424,0.220491,Jan-1,140,1380.3,122.673597,270.48368,183.694812,405.029688,114.475356,0.0,0.87624,0.156026,0.034402,0.051515,71.448133,157.536376,7.293351,18.388572,471.549923,1039.722983,192.0,423.341841,657.872263,1450.546121,1483.83835,1288.976566,2842.071421,36.583281,14.895538,51.038342,86.867722,8.267315,93.022262,30.047028,-0.689989,19.0,1.0,64.0
SWH-26,H2,SRI,2036.080327,0.203608,Jan-1,140,1380.3,122.673597,249.773298,183.694812,374.017394,114.475356,0.0,0.87624,0.156026,0.031768,0.04757,71.448133,145.474138,6.734914,17.670567,471.549923,960.113522,192.0,390.927423,657.872263,1339.480773,1483.83835,1288.976566,2624.459828,36.583281,14.895538,51.038342,86.867722,8.267315,93.022262,30.047028,-0.689989,19.0,1.0,64.0
SWH-27,H2,SRI,354.545987,0.035455,Jan-1,140,1380.3,122.673597,43.493432,183.694812,65.128259,114.475356,0.0,0.87624,0.156026,0.005532,0.008284,71.448133,25.331649,1.172762,7.373765,471.549923,167.186133,192.0,68.07283,657.872263,233.245971,1483.83835,1288.976566,457.001469,36.583281,14.895538,51.038342,86.867722,8.267315,93.022262,30.047028,-0.689989,19.0,1.0,64.0
SWH-28,H2,SRI,304.01258,0.030401,Jan-1,140,1380.3,122.673597,37.294317,183.694812,55.845534,114.475356,0.0,0.87624,0.156026,0.004743,0.007103,71.448133,21.721131,1.005608,6.828083,471.549923,143.357109,192.0,58.370415,657.872263,200.001444,1483.83835,1288.976566,391.865091,36.583281,14.895538,51.038342,86.867722,8.267315,93.022262,30.047028,-0.689989,19.0,1.0,64.0
SWH-29,H2,SRI,558.08877,0.055809,Jan-1,140,1380.3,122.673597,68.462757,183.694812,102.518012,114.475356,0.0,0.87624,0.156026,0.008708,0.013039,71.448133,39.874401,1.846037,9.251341,471.549923,263.166717,192.0,107.153044,657.872263,367.151122,1483.83835,1288.976566,719.363346,36.583281,14.895538,51.038342,86.867722,8.267315,93.022262,30.047028,-0.689989,19.0,1.0,64.0
SWH-30,H2,SRI,565.2068,0.056521,Jan-1,140,1380.3,122.673597,69.335951,183.694812,103.825557,114.475356,0.0,0.87624,0.156026,0.008819,0.013205,71.448133,40.382971,1.869582,9.310151,471.549923,266.523223,192.0,108.519706,657.872263,371.833877,1483.83835,1288.976566,728.53832,36.583281,14.895538,51.038342,86.867722,8.267315,93.022262,30.047028,-0.689989,19.0,1.0,64.0
SWH-31,H2,SRI,1916.78666,0.191679,Jan-1,140,1380.3,122.673597,235.139115,183.694812,352.103766,114.475356,0.0,0.87624,0.156026,0.029907,0.044783,71.448133,136.950828,6.340316,17.145096,471.549923,903.860602,192.0,368.023039,657.872263,1261.000778,1483.83835,1288.976566,2470.693086,36.583281,14.895538,51.038342,86.867722,8.267315,93.022262,30.047028,-0.689989,19.0,1.0,64.0
SWH-32,H2,SRI,1646.979017,0.164698,Jan-1,140,1380.3,122.673597,202.040841,183.694812,302.541501,114.475356,0.0,0.87624,0.156026,0.025697,0.03848,71.448133,117.673576,5.447851,15.892677,471.549923,776.632829,192.0,316.219971,657.872263,1083.501813,1483.83835,1288.976566,2122.917357,36.583281,14.895538,51.038342,86.867722,8.267315,93.022262,30.047028,-0.689989,19.0,1.0,64.0
SWH-33,H2,SRI,1043.08843,0.104309,Jan-1,140,1380.3,122.673597,127.95941,183.694812,191.609933,114.475356,0.0,0.87624,0.156026,0.016275,0.02437,71.448133,74.526721,3.450311,12.647759,471.549923,491.868269,192.0,200.272979,657.872263,686.218946,1483.83835,1288.976566,1344.516542,36.583281,14.895538,51.038342,86.867722,8.267315,93.022262,30.047028,-0.689989,19.0,1.0,64.0
SWH-34,H2,SRI,1271.96644,0.127197,Jan-1,140,1380.3,122.673597,156.036699,183.694812,233.653636,114.475356,0.0,0.87624,0.156026,0.019846,0.029718,71.448133,90.879627,4.20739,13.966605,471.549923,599.795677,192.0,244.217556,657.872263,836.791441,1483.83835,1288.976566,1639.534934,36.583281,14.895538,51.038342,86.867722,8.267315,93.022262,30.047028,-0.689989,19.0,1.0,64.0
SWH-35,H2,SRI,1272.472181,0.127247,Jan-1,140,1380.3,122.673597,156.09874,183.694812,233.746538,114.475356,0.0,0.87624,0.156026,0.019854,0.02973,71.448133,90.915762,4.209063,13.969382,471.549923,600.034159,192.0,244.314659,657.872263,837.124154,1483.83835,1288.976566,1640.186822,36.583281,14.895538,51.038342,86.867722,8.267315,93.022262,30.047028,-0.689989,19.0,1.0,64.0
SWH-36,H2,SRI,627.808878,0.062781,Jan-1,140,1380.3,122.673597,77.015573,183.694812,115.325234,114.475356,0.0,0.87624,0.156026,0.009795,0.014668,71.448133,44.855772,2.076656,9.812208,471.549923,296.043228,192.0,120.539305,657.872263,413.018047,1483.83835,1288.976566,809.230932,36.583281,14.895538,51.038342,86.867722,8.267315,93.022262,30.047028,-0.689989,19.0,1.0,64.0
SWH-37,H2,SRI,729.984199,0.072998,Jan-1,140,1380.3,122.673597,89.549788,183.694812,134.09431,114.475356,0.0,0.87624,0.156026,0.01139,0.017055,71.448133,52.156008,2.41463,10.580587,471.549923,344.223993,192.0,140.156966,657.872263,480.236357,1483.83835,1288.976566,940.932526,36.583281,14.895538,51.038342,86.867722,8.267315,93.022262,30.047028,-0.689989,19.0,1.0,64.0
SWH-38,H2,SRI,609.175478,0.060918,Jan-1,140,1380.3,122.673597,74.729747,183.694812,111.902375,114.475356,0.0,0.87624,0.156026,0.009505,0.014233,71.448133,43.524451,2.015021,9.665498,471.549923,287.25665,192.0,116.961692,657.872263,400.75965,1483.83835,1288.976566,785.212916,36.583281,14.895538,51.038342,86.867722,8.267315,93.022262,30.047028,-0.689989,19.0,1.0,64.0
SWH-39,H2,SRI,601.455452,0.060146,Jan-1,140,1380.3,122.673597,73.782704,183.694812,110.484246,114.475356,0.0,0.87624,0.156026,0.009384,0.014052,71.448133,42.972869,1.989485,9.604058,471.549923,283.616272,192.0,115.479447,657.872263,395.680859,1483.83835,1288.976566,775.261983,36.583281,14.895538,51.038342,86.867722,8.267315,93.022262,30.047028,-0.689989,19.0,1.0,64.0
SWH-40,H2,SRI,1028.749659,0.102875,Jan-1,140,1380.3,122.673597,126.200421,183.694812,188.975976,114.475356,0.0,0.87624,0.156026,0.016051,0.024035,71.448133,73.502242,3.402882,12.560528,471.549923,485.106823,192.0,197.519935,657.872263,676.785866,1483.83835,1288.976566,1326.034203,36.583281,14.895538,51.038342,86.867722,8.267315,93.022262,30.047028,-0.689989,19.0,1.0,64.0
SWH-41,H2,SRI,1340.85423,0.134085,Jan-1,140,1380.3,122.673597,164.487412,183.694812,246.307966,114.475356,0.0,0.87624,0.156026,0.020921,0.031327,71.448133,95.801531,4.435256,14.339824,471.549923,632.279709,192.0,257.444012,657.872263,882.110807,1483.83835,1288.976566,1728.329681,36.583281,14.895538,51.038342,86.867722,8.267315,93.022262,30.047028,-0.689989,19.0,1.0,64.0
SWH-42,H2,SRI,237.365632,0.023737,Jan-1,140,1380.3,122.673597,29.118496,183.694812,43.602835,114.475356,0.0,0.87624,0.156026,0.003704,0.005546,71.448133,16.959331,0.785154,6.033398,471.549923,111.929746,192.0,45.574201,657.872263,156.156266,1483.83835,1288.976566,305.958737,36.583281,14.895538,51.038342,86.867722,8.267315,93.022262,30.047028,-0.689989,19.0,1.0,64.0
SWH-43,H2,SRI,1201.622292,0.120162,Jan-1,140,1380.3,122.673597,147.407329,183.694812,220.731781,114.475356,0.0,0.87624,0.156026,0.018748,0.028074,71.448133,85.853669,3.974707,13.574912,471.549923,566.624899,192.0,230.71148,657.872263,790.513977,1483.83835,1288.976566,1548.862975,36.583281,14.895538,51.038342,86.867722,8.267315,93.022262,30.047028,-0.689989,19.0,1.0,64.0
SWH-44,H2,SRI,736.6182,0.073662,Jan-1,140,1380.3,122.673597,90.363604,183.694812,135.312942,114.475356,0.0,0.87624,0.156026,0.011493,0.01721,71.448133,52.629995,2.436574,10.628556,471.549923,347.352256,192.0,141.430694,657.872263,484.600682,1483.83835,1288.976566,949.483598,36.583281,14.895538,51.038342,86.867722,8.267315,93.022262,30.047028,-0.689989,19.0,1.0,64.0
SWH-01,H3,SRI,16924.164364,1.692416,Jan-1,140,1380.3,122.673597,2076.148124,183.694812,3108.881197,114.475356,0.0,0.87624,0.156026,0.26406,0.395411,71.448133,1209.199947,55.981479,50.945596,471.549923,7980.588406,192.0,3249.439558,657.872263,11133.938313,1483.83835,1288.976566,21814.851261,36.583281,14.895538,51.038342,86.867722,8.267315,93.022262,30.047028,-0.689989,19.0,1.0,64.0
SWH-17,H4,SRI,127.443807,0.012744,Jan-1,140,1380.3,122.673597,15.63399,183.694812,23.410766,114.475356,0.0,0.87624,0.156026,0.001988,0.002977,71.448133,9.105622,0.421557,4.420917,471.549923,60.096117,192.0,24.469211,657.872263,83.841746,1483.83835,1288.976566,164.272081,36.583281,14.895538,51.038342,86.867722,8.267315,93.022262,30.047028,-0.689989,19.0,1.0,64.0
