rezim,tahun_tanam,hari_ke,tanggal,tahap,eto,hujan,irigasi,etc,perkolasi,limpasan,wlr,penjenuhan,tma
FL,2017,-30,2016-12-02,siap lahan,2.0799,11.5,0.0,2.2879,2.0,0.8397,0.0,6.3724,0.0
FL,2017,-29,2016-12-03,siap lahan,3.7009,1.5,10.2342,4.071,2.0,0.0,0.0,5.6632,0.0
FL,2017,-28,2016-12-04,siap lahan,1.3598,9.3,0.9031,1.4958,2.0,0.0,0.0,6.7073,0.0
FL,2017,-27,2016-12-05,siap lahan,2.6975,26.2,0.0,2.9673,2.0,15.1377,0.0,6.095,0.0
FL,2017,-26,2016-12-06,siap lahan,2.8511,24.1,0.0,3.1362,2.0,12.9364,0.0,6.0274,0.0
FL,2017,-25,2016-12-07,siap lahan,1.7976,14.2,0.0,1.9773,2.0,3.7204,0.0,6.5023,0.0
FL,2017,-24,2016-12-08,siap lahan,3.4603,27.7,0.0,3.8063,2.0,16.1291,0.0,5.7646,0.0
FL,2017,-23,2016-12-09,siap lahan,2.9146,31.2,0.0,3.206,2.0,19.9944,0.0,5.9996,0.0
FL,2017,-22,2016-12-10,siap lahan,3.0516,7.1,4.1967,3.3567,2.0,0.0,0.0,5.9399,0.0
FL,2017,-21,2016-12-11,siap lahan,2.9288,34.1,0.0,3.2217,2.0,22.8849,0.0,5.9934,0.0
FL,2017,-20,2016-12-12,siap lahan,2.4294,26.1,0.0,2.6723,2.0,15.2134,0.0,6.2144,0.0
FL,2017,-19,2016-12-13,siap lahan,2.1802,19.7,0.0,2.3982,2.0,8.975,0.0,6.3268,0.0
FL,2017,-18,2016-12-14,siap lahan,2.8509,21.1,0.0,3.136,2.0,9.9366,0.0,6.0275,0.0
FL,2017,-17,2016-12-15,siap lahan,2.2996,21.9,0.0,2.5296,2.0,11.0977,0.0,6.2727,0.0
FL,2017,-16,2016-12-16,siap lahan,2.8922,19.3,0.0,3.1814,2.0,8.1092,0.0,6.0094,0.0
FL,2017,-15,2016-12-17,siap lahan,3.2516,7.3,4.1304,3.5767,2.0,0.0,0.0,5.8537,0.0
FL,2017,-14,2016-12-18,siap lahan,3.4484,18.8,0.0,3.7932,2.0,7.2371,0.0,5.7697,0.0
FL,2017,-13,2016-12-19,siap lahan,2.9753,20.8,0.0,3.2729,2.0,9.554,0.0,5.9731,0.0
FL,2017,-12,2016-12-20,siap lahan,4.5624,0.4,11.9295,5.0186,2.0,0.0,0.0,5.3109,0.0
FL,2017,-11,2016-12-21,siap lahan,4.607,0.0,12.3608,5.0677,2.0,0.0,0.0,5.2931,0.0
FL,2017,-10,2016-12-22,siap lahan,4.1768,0.8,11.261,4.5945,2.0,0.0,0.0,5.4665,0.0
FL,2017,-9,2016-12-23,siap lahan,4.5589,0.1,12.2271,5.0148,2.0,0.0,0.0,5.3123,0.0
FL,2017,-8,2016-12-24,siap lahan,4.3091,1.0,11.1528,4.74,2.0,0.0,0.0,5.4127,0.0
FL,2017,-7,2016-12-25,siap lahan,3.6276,2.7,8.9843,3.9904,2.0,0.0,0.0,5.6939,0.0
FL,2017,-6,2016-12-26,siap lahan,3.1395,31.8,0.0,3.4535,2.0,20.4446,0.0,5.9019,0.0
FL,2017,-5,2016-12-27,siap lahan,2.5476,5.2,5.7639,2.8024,2.0,0.0,0.0,6.1615,0.0
FL,2017,-4,2016-12-28,siap lahan,3.07,10.9,0.409,3.377,2.0,0.0,0.0,5.932,0.0
FL,2017,-3,2016-12-29,siap lahan,3.1132,1.1,10.2378,3.4246,2.0,0.0,0.0,5.9133,0.0
FL,2017,-2,2016-12-30,siap lahan,2.6077,24.4,0.0,2.8685,2.0,13.3967,0.0,6.1348,0.0
FL,2017,-1,2016-12-31,siap lahan,2.9958,10.0,1.2596,3.2954,2.0,0.0,0.0,5.9642,0.0
FL,2017,0,2017-01-01,awal,4.3752,5.2,14.8,4.4189,2.0,0.0,0.0,0.0,13.5811
FL,2017,1,2017-01-02,awal,3.1833,0.5,0.0,3.2151,2.0,0.0,0.0,0.0,8.8659
FL,2017,2,2017-01-03,awal,3.1495,0.6,10.5341,3.181,2.0,0.0,0.0,0.0,14.819
FL,2017,3,2017-01-04,awal,3.3009,3.0,0.0,3.3339,2.0,0.0,0.0,0.0,12.4851
FL,2017,4,2017-01-05,awal,3.2209,10.3,0.0,3.2531,2.0,0.0,0.0,0.0,17.532
FL,2017,5,2017-01-06,awal,2.8821,0.8,0.0,2.9109,2.0,0.0,0.0,0.0,13.421
FL,2017,6,2017-01-07,awal,3.3763,10.5,0.0,3.4101,2.0,0.0,0.0,0.0,18.511
FL,2017,7,2017-01-08,awal,3.5001,1.2,0.0,3.5351,2.0,0.0,0.0,0.0,14.1759
FL,2017,8,2017-01-09,awal,3.418,1.8,0.0,3.4522,2.0,0.0,0.0,0.0,10.5237
FL,2017,9,2017-01-10,awal,3.0219,5.4,0.0,3.0522,2.0,0.0,0.0,0.0,10.8716
FL,2017,10,2017-01-11,awal,2.7273,5.5,0.0,2.7546,2.0,0.0,0.0,0.0,11.617
FL,2017,11,2017-01-12,awal,3.1678,8.0,0.0,3.1995,2.0,0.0,0.0,0.0,14.4175
FL,2017,12,2017-01-13,awal,3.4787,5.4,0.0,3.5135,2.0,0.0,0.0,0.0,14.3039
FL,2017,13,2017-01-14,awal,1.9489,37.3,0.0,1.9684,2.0,0.0,0.0,0.0,47.6355
FL,2017,14,2017-01-15,awal,2.9551,6.3,0.0,2.9847,2.0,0.0,0.0,0.0,48.9509
FL,2017,15,2017-01-16,awal,3.1363,16.7,0.0,3.1677,2.0,10.4832,0.0,0.0,50.0
FL,2017,16,2017-01-17,awal,2.0896,19.1,0.0,2.1105,2.0,14.9895,0.0,0.0,50.0
FL,2017,17,2017-01-18,awal,3.2701,1.8,0.0,3.3028,2.0,0.0,0.0,0.0,46.4972
FL,2017,18,2017-01-19,awal,2.9164,2.9,0.0,2.9456,2.0,0.0,0.0,0.0,44.4516
FL,2017,19,2017-01-20,awal,3.0592,15.4,0.0,3.0898,2.0,4.7618,0.0,0.0,50.0
FL,2017,20,2017-01-21,pertumbuhan,3.4956,18.7,0.0,3.5655,2.0,13.1345,0.0,0.0,50.0
FL,2017,21,2017-01-22,pertumbuhan,3.5162,10.0,0.0,3.5865,2.0,4.4135,0.0,0.0,50.0
FL,2017,22,2017-01-23,pertumbuhan,2.9248,1.7,0.0,2.9833,2.0,0.0,0.0,0.0,46.7167
FL,2017,23,2017-01-24,pertumbuhan,3.3128,28.9,0.0,3.3791,2.0,20.2376,0.0,0.0,50.0
FL,2017,24,2017-01-25,pertumbuhan,3.2759,12.7,0.0,3.3415,2.0,7.3585,0.0,0.0,50.0
FL,2017,25,2017-01-26,pertumbuhan,2.7817,6.9,0.0,2.8373,2.0,2.0627,0.0,0.0,50.0
FL,2017,26,2017-01-27,pertumbuhan,3.6737,7.4,0.0,3.7472,2.0,1.6528,0.0,0.0,50.0
FL,2017,27,2017-01-28,pertumbuhan,3.272,1.9,0.0,3.3375,2.0,0.0,0.0,0.0,46.5625
FL,2017,28,2017-01-29,pertumbuhan,1.323,19.9,0.0,1.3495,2.0,13.1131,0.0,0.0,50.0
FL,2017,29,2017-01-30,pertumbuhan,2.8575,6.5,0.0,2.9147,2.0,1.5853,0.0,0.0,50.0
FL,2017,30,2017-01-31,pertumbuhan,2.1067,14.8,3.3333,2.1488,2.0,13.9845,3.3333,0.0,50.0
FL,2017,31,2017-02-01,pertumbuhan,2.5978,15.2,3.3333,2.6497,2.0,13.8836,3.3333,0.0,50.0
FL,2017,32,2017-02-02,pertumbuhan,2.0643,9.8,3.3333,2.1056,2.0,9.0277,3.3333,0.0,50.0
FL,2017,33,2017-02-03,pertumbuhan,1.9637,13.8,3.3333,2.0029,2.0,13.1304,3.3333,0.0,50.0
FL,2017,34,2017-02-04,pertumbuhan,2.978,4.4,3.3333,3.0376,2.0,2.6957,3.3333,0.0,50.0
FL,2017,35,2017-02-05,pertumbuhan,4.0134,1.8,3.3333,4.0937,2.0,0.0,3.3333,0.0,49.0397
FL,2017,36,2017-02-06,pertumbuhan,4.1181,0.2,3.3333,4.2005,2.0,0.0,3.3333,0.0,46.3725
FL,2017,37,2017-02-07,pertumbuhan,3.2277,3.8,3.3333,3.2922,2.0,0.0,3.3333,0.0,48.2136
FL,2017,38,2017-02-08,pertumbuhan,2.8738,6.2,3.3333,2.9313,2.0,2.8157,3.3333,0.0,50.0
FL,2017,39,2017-02-09,pertumbuhan,3.0522,5.6,3.3333,3.1133,2.0,3.8201,3.3333,0.0,50.0
FL,2017,40,2017-02-10,pertumbuhan,3.1117,2.1,3.3333,3.1739,2.0,0.2594,3.3333,0.0,50.0
FL,2017,41,2017-02-11,pertumbuhan,2.4466,1.0,3.3333,2.4955,2.0,0.0,3.3333,0.0,49.8378
FL,2017,42,2017-02-12,pertumbuhan,2.0472,3.0,3.3333,2.0881,2.0,2.083,3.3333,0.0,50.0
FL,2017,43,2017-02-13,pertumbuhan,3.2649,9.7,3.3333,3.3302,2.0,7.7031,3.3333,0.0,50.0
FL,2017,44,2017-02-14,pertumbuhan,2.7037,10.7,3.3333,2.7577,2.0,9.2756,3.3333,0.0,50.0
FL,2017,45,2017-02-15,pertumbuhan,3.0937,8.1,0.0,3.1555,2.0,2.9445,0.0,0.0,50.0
FL,2017,46,2017-02-16,pertumbuhan,3.5358,6.9,0.0,3.6065,2.0,1.2935,0.0,0.0,50.0
FL,2017,47,2017-02-17,pertumbuhan,3.7228,6.9,0.0,3.7972,2.0,1.1028,0.0,0.0,50.0
FL,2017,48,2017-02-18,pertumbuhan,3.6261,1.4,0.0,3.6986,2.0,0.0,0.0,0.0,45.7014
FL,2017,49,2017-02-19,pertumbuhan,3.3597,9.0,0.0,3.4269,2.0,0.0,0.0,0.0,49.2745
FL,2017,50,2017-02-20,reproduktif,3.0454,7.1,0.0,3.3195,2.0,11.055,0.0,0.0,40.0
FL,2017,51,2017-02-21,reproduktif,2.1266,75.9,0.0,2.318,2.0,71.582,0.0,0.0,40.0
FL,2017,52,2017-02-22,reproduktif,3.7647,16.8,0.0,4.1035,2.0,10.6965,0.0,0.0,40.0
FL,2017,53,2017-02-23,reproduktif,3.612,1.7,0.0,3.9371,2.0,0.0,0.0,0.0,35.7629
FL,2017,54,2017-02-24,reproduktif,3.0741,3.5,0.0,3.3507,2.0,0.0,0.0,0.0,33.9122
FL,2017,55,2017-02-25,reproduktif,3.3419,17.6,0.0,3.6427,2.0,5.8695,0.0,0.0,40.0
FL,2017,56,2017-02-26,reproduktif,4.2616,2.1,0.0,4.6452,2.0,0.0,0.0,0.0,35.4548
FL,2017,57,2017-02-27,reproduktif,3.5355,9.1,0.0,3.8537,2.0,0.0,0.0,0.0,38.7011
FL,2017,58,2017-02-28,reproduktif,2.6496,18.1,0.0,2.8881,2.0,11.913,0.0,0.0,40.0
FL,2017,59,2017-03-01,reproduktif,2.5739,7.8,0.0,2.8055,2.0,2.9945,0.0,0.0,40.0
FL,2017,60,2017-03-02,reproduktif,3.7802,24.5,3.3333,4.1204,2.0,21.7129,3.3333,0.0,40.0
FL,2017,61,2017-03-03,reproduktif,3.6316,5.5,3.3333,3.9584,2.0,2.8749,3.3333,0.0,40.0
FL,2017,62,2017-03-04,reproduktif,3.1533,5.4,3.3333,3.4371,2.0,3.2962,3.3333,0.0,40.0
FL,2017,63,2017-03-05,reproduktif,3.8815,11.9,3.3333,4.2309,2.0,9.0024,3.3333,0.0,40.0
FL,2017,64,2017-03-06,reproduktif,3.6209,9.0,3.3333,3.9468,2.0,6.3866,3.3333,0.0,40.0
FL,2017,65,2017-03-07,reproduktif,2.8058,24.8,3.3333,3.0584,2.0,23.075,3.3333,0.0,40.0
FL,2017,66,2017-03-08,reproduktif,3.3263,2.1,3.3333,3.6257,2.0,0.0,3.3333,0.0,39.8077
FL,2017,67,2017-03-09,reproduktif,4.344,0.3,3.3333,4.735,2.0,0.0,3.3333,0.0,36.706
FL,2017,68,2017-03-10,reproduktif,4.013,0.6,3.3333,4.3742,2.0,0.0,3.3333,0.0,34.2652
FL,2017,69,2017-03-11,reproduktif,3.4332,14.2,3.3333,3.7422,2.0,6.0563,3.3333,0.0,40.0
FL,2017,70,2017-03-12,reproduktif,3.7894,7.7,3.3333,4.1305,2.0,4.9029,3.3333,0.0,40.0
FL,2017,71,2017-03-13,reproduktif,3.7473,6.0,3.3333,4.0845,2.0,3.2488,3.3333,0.0,40.0
FL,2017,72,2017-03-14,reproduktif,3.2521,9.6,3.3333,3.5447,2.0,7.3886,3.3333,0.0,40.0
FL,2017,73,2017-03-15,reproduktif,2.7137,10.3,3.3333,2.9579,2.0,8.6754,3.3333,0.0,40.0
FL,2017,74,2017-03-16,reproduktif,3.8467,4.1,3.3333,4.1929,2.0,1.2404,3.3333,0.0,40.0
FL,2017,75,2017-03-17,reproduktif,3.6051,67.8,0.0,3.9296,2.0,61.8704,0.0,0.0,40.0
FL,2017,76,2017-03-18,reproduktif,2.3363,25.0,0.0,2.5466,2.0,20.4534,0.0,0.0,40.0
FL,2017,77,2017-03-19,reproduktif,3.5111,3.7,0.0,3.8272,2.0,0.0,0.0,0.0,37.8728
FL,2017,78,2017-03-20,reproduktif,3.2714,3.7,0.0,3.5658,2.0,0.0,0.0,0.0,36.007
FL,2017,79,2017-03-21,reproduktif,3.4402,0.2,0.0,3.7499,2.0,0.0,0.0,0.0,30.4572
FL,2017,80,2017-03-22,reproduktif,2.2639,2.7,0.0,2.4677,2.0,0.0,0.0,0.0,28.6895
FL,2017,81,2017-03-23,reproduktif,3.3664,1.1,0.0,3.6694,2.0,0.0,0.0,0.0,24.1201
FL,2017,82,2017-03-24,reproduktif,3.6642,0.5,0.0,3.994,2.0,0.0,0.0,0.0,18.6261
FL,2017,83,2017-03-25,reproduktif,3.8213,1.2,0.0,4.1652,2.0,0.0,0.0,0.0,13.6608
FL,2017,84,2017-03-26,reproduktif,2.3906,10.4,0.0,2.6058,2.0,0.0,0.0,0.0,19.455
FL,2017,85,2017-03-27,reproduktif,3.8204,8.3,0.0,4.1642,2.0,0.0,0.0,0.0,21.5909
FL,2017,86,2017-03-28,reproduktif,3.957,0.4,0.0,4.3131,2.0,0.0,0.0,0.0,15.6778
FL,2017,87,2017-03-29,reproduktif,3.669,3.1,0.0,3.9993,2.0,0.0,0.0,0.0,12.7785
FL,2017,88,2017-03-30,reproduktif,3.6106,1.0,0.0,3.9356,2.0,0.0,0.0,0.0,7.8429
FL,2017,89,2017-03-31,reproduktif,3.2402,1.9,0.0,3.5319,2.0,0.0,0.0,0.0,4.211
FL,2017,90,2017-04-01,pemasakan,3.4885,13.9,0.0,3.6629,2.0,0.0,0.0,0.0,12.4481
FL,2017,91,2017-04-02,pemasakan,3.6578,3.9,0.0,3.8407,2.0,0.0,0.0,0.0,10.5075
FL,2017,92,2017-04-03,pemasakan,2.8591,11.8,0.0,3.0021,2.0,0.0,0.0,0.0,17.3054
FL,2017,93,2017-04-04,pemasakan,3.4855,5.5,0.0,3.6598,2.0,0.0,0.0,0.0,17.1456
FL,2017,94,2017-04-05,pemasakan,3.2707,8.0,0.0,3.4342,2.0,0.0,0.0,0.0,19.7114
FL,2017,95,2017-04-06,pemasakan,2.5018,18.4,0.0,2.6269,2.0,0.0,0.0,0.0,33.4845
FL,2017,96,2017-04-07,pemasakan,2.9465,6.2,0.0,3.0938,2.0,0.0,0.0,0.0,34.5907
FL,2017,97,2017-04-08,pemasakan,3.0688,8.3,0.0,3.2222,2.0,0.0,0.0,0.0,37.6685
FL,2017,98,2017-04-09,pemasakan,3.2827,0.3,0.0,3.4468,2.0,0.0,0.0,0.0,32.5216
FL,2017,99,2017-04-10,pemasakan,3.4934,2.5,0.0,3.6681,2.0,0.0,0.0,0.0,29.3535
FL,2017,100,2017-04-11,pemasakan,3.611,1.6,0.0,3.7915,2.0,0.0,0.0,0.0,25.162
FL,2017,101,2017-04-12,pemasakan,3.6605,1.7,0.0,3.8435,2.0,0.0,0.0,0.0,21.0185
FL,2017,102,2017-04-13,pemasakan,3.6036,1.8,0.0,3.7837,2.0,0.0,0.0,0.0,17.0347
FL,2017,103,2017-04-14,pemasakan,2.9366,2.1,0.0,3.0834,2.0,0.0,0.0,0.0,14.0513
FL,2017,104,2017-04-15,pemasakan,3.2694,1.5,0.0,3.4329,2.0,0.0,0.0,0.0,10.1184
FL,2017,105,2017-04-16,pemasakan,3.9564,2.1,0.0,4.1542,2.0,0.0,0.0,0.0,6.0642
FL,2017,106,2017-04-17,pemasakan,3.3537,1.4,0.0,3.5214,2.0,0.0,0.0,0.0,1.9428
FL,2017,107,2017-04-18,pemasakan,2.8107,5.3,0.0,2.9513,2.0,0.0,0.0,0.0,2.2916
FL,2017,108,2017-04-19,pemasakan,2.7506,18.0,0.0,2.8881,2.0,0.0,0.0,0.0,15.4035
FL,2017,109,2017-04-20,pemasakan,3.4059,2.3,0.0,3.5762,2.0,0.0,0.0,0.0,12.1273
SRI,2022,-30,2021-12-02,siap lahan,4.2521,3.4,8.7131,4.6773,2.0,0.0,0.0,5.4358,0.0
SRI,2022,-29,2021-12-03,siap lahan,3.1492,3.3,8.0619,3.4642,2.0,0.0,0.0,5.8977,0.0
SRI,2022,-28,2021-12-04,siap lahan,1.9919,14.6,0.0,2.1911,2.0,3.9962,0.0,6.4127,0.0
SRI,2022,-27,2021-12-05,siap lahan,2.2255,21.8,0.0,2.448,2.0,11.0457,0.0,6.3062,0.0
SRI,2022,-26,2021-12-06,siap lahan,3.0863,3.3,8.0199,3.395,2.0,0.0,0.0,5.9249,0.0
SRI,2022,-25,2021-12-07,siap lahan,2.0958,5.0,5.6705,2.3053,2.0,0.0,0.0,6.3652,0.0
SRI,2022,-24,2021-12-08,siap lahan,4.246,5.8,6.3089,4.6706,2.0,0.0,0.0,5.4383,0.0
SRI,2022,-23,2021-12-09,siap lahan,3.6689,7.3,4.4124,4.0358,2.0,0.0,0.0,5.6766,0.0
SRI,2022,-22,2021-12-10,siap lahan,3.1799,8.9,2.4824,3.4979,2.0,0.0,0.0,5.8845,0.0
SRI,2022,-21,2021-12-11,siap lahan,3.2398,6.9,4.5225,3.5638,2.0,0.0,0.0,5.8587,0.0
SRI,2022,-20,2021-12-12,siap lahan,3.3503,1.0,10.4968,3.6854,2.0,0.0,0.0,5.8114,0.0
SRI,2022,-19,2021-12-13,siap lahan,3.993,0.9,11.0342,4.3923,2.0,0.0,0.0,5.5418,0.0
SRI,2022,-18,2021-12-14,siap lahan,3.9941,2.8,9.1349,4.3935,2.0,0.0,0.0,5.5414,0.0
SRI,2022,-17,2021-12-15,siap lahan,4.2292,2.3,9.7972,4.6521,2.0,0.0,0.0,5.4452,0.0
SRI,2022,-16,2021-12-16,siap lahan,3.6854,3.5,8.2236,4.054,2.0,0.0,0.0,5.6697,0.0
SRI,2022,-15,2021-12-17,siap lahan,3.1832,11.9,0.0,3.5015,2.0,0.5154,0.0,5.8831,0.0
SRI,2022,-14,2021-12-18,siap lahan,2.1173,15.2,0.0,2.3291,2.0,4.5156,0.0,6.3554,0.0
SRI,2022,-13,2021-12-19,siap lahan,3.8864,10.8,1.061,4.2751,2.0,0.0,0.0,5.5859,0.0
SRI,2022,-12,2021-12-20,siap lahan,2.6697,18.9,0.0,2.9367,2.0,7.856,0.0,6.1073,0.0
SRI,2022,-11,2021-12-21,siap lahan,2.1272,14.5,0.0,2.3399,2.0,3.8092,0.0,6.3509,0.0
SRI,2022,-10,2021-12-22,siap lahan,3.6312,19.8,0.0,3.9944,2.0,8.1132,0.0,5.6924,0.0
SRI,2022,-9,2021-12-23,siap lahan,3.3741,25.1,0.0,3.7115,2.0,13.5872,0.0,5.8013,0.0
SRI,2022,-8,2021-12-24,siap lahan,3.4333,8.8,2.7527,3.7767,2.0,0.0,0.0,5.7761,0.0
SRI,2022,-7,2021-12-25,siap lahan,3.1355,20.3,0.0,3.449,2.0,8.9473,0.0,5.9037,0.0
SRI,2022,-6,2021-12-26,siap lahan,3.6288,11.3,0.3851,3.9917,2.0,0.0,0.0,5.6934,0.0
SRI,2022,-5,2021-12-27,siap lahan,2.5875,15.5,0.0,2.8462,2.0,4.51,0.0,6.1438,0.0
SRI,2022,-4,2021-12-28,siap lahan,3.2943,24.4,0.0,3.6237,2.0,12.9409,0.0,5.8354,0.0
SRI,2022,-3,2021-12-29,siap lahan,3.1552,2.5,8.8658,3.4707,2.0,0.0,0.0,5.8952,0.0
SRI,2022,-2,2021-12-30,siap lahan,3.0469,10.1,1.1936,3.3516,2.0,0.0,0.0,5.942,0.0
SRI,2022,-1,2021-12-31,siap lahan,3.3596,22.9,0.0,3.6956,2.0,11.397,0.0,5.8074,0.0
SRI,2022,0,2022-01-01,awal,3.3362,5.9,0.0,3.3362,1.2,0.0,0.0,0.0,1.3638
SRI,2022,1,2022-01-02,awal,3.9009,1.8,0.0,3.9009,1.2,0.0,0.0,0.0,-1.9371
SRI,2022,2,2022-01-03,awal,4.719,0.4,11.5371,4.719,1.2,0.0,0.0,0.0,4.081
SRI,2022,3,2022-01-04,awal,4.4417,0.8,0.0,4.4417,1.2,0.0,0.0,0.0,-0.7608
SRI,2022,4,2022-01-05,awal,3.9395,4.6,0.0,3.9395,1.2,0.0,0.0,0.0,-1.3003
SRI,2022,5,2022-01-06,awal,3.2749,18.7,0.0,3.2749,1.2,0.0,0.0,0.0,12.9247
SRI,2022,6,2022-01-07,awal,2.9386,17.3,0.0,2.9386,1.2,0.0,0.0,0.0,26.0862
SRI,2022,7,2022-01-08,awal,3.6202,8.1,0.0,3.6202,1.2,0.0,0.0,0.0,29.366
SRI,2022,8,2022-01-09,awal,3.3935,16.1,0.0,3.3935,1.2,0.8725,0.0,0.0,40.0
SRI,2022,9,2022-01-10,awal,3.3117,18.0,0.0,3.3117,1.2,13.4883,0.0,0.0,40.0
SRI,2022,10,2022-01-11,awal,2.7702,13.7,0.0,2.7702,1.2,9.7298,0.0,0.0,40.0
SRI,2022,11,2022-01-12,awal,2.8335,5.7,0.0,2.8335,1.2,1.6665,0.0,0.0,40.0
SRI,2022,12,2022-01-13,awal,3.1394,5.2,0.0,3.1394,1.2,0.8606,0.0,0.0,40.0
SRI,2022,13,2022-01-14,awal,2.2652,1.5,0.0,2.2652,1.2,0.0,0.0,0.0,38.0348
SRI,2022,14,2022-01-15,awal,3.2767,2.1,0.0,3.2767,1.2,0.0,0.0,0.0,35.6581
SRI,2022,15,2022-01-16,awal,3.3812,0.7,0.0,3.3812,1.2,0.0,0.0,0.0,31.7769
SRI,2022,16,2022-01-17,awal,3.7015,4.1,0.0,3.7015,1.2,0.0,0.0,0.0,30.9754
SRI,2022,17,2022-01-18,awal,3.7456,15.9,0.0,3.7456,1.2,1.9298,0.0,0.0,40.0
SRI,2022,18,2022-01-19,awal,3.767,3.7,0.0,3.767,1.2,0.0,0.0,0.0,38.733
SRI,2022,19,2022-01-20,awal,1.2023,24.1,0.0,1.2023,1.2,20.4307,0.0,0.0,40.0
SRI,2022,20,2022-01-21,pertumbuhan,3.9875,11.3,0.0,3.828,1.2,6.272,0.0,0.0,40.0
SRI,2022,21,2022-01-22,pertumbuhan,3.0457,5.6,0.0,2.9239,1.2,1.4761,0.0,0.0,40.0
SRI,2022,22,2022-01-23,pertumbuhan,3.6274,13.5,0.0,3.4823,1.2,8.8177,0.0,0.0,40.0
SRI,2022,23,2022-01-24,pertumbuhan,4.7152,0.8,0.0,4.5266,1.2,0.0,0.0,0.0,35.0734
SRI,2022,24,2022-01-25,pertumbuhan,4.0087,3.8,0.0,3.8484,1.2,0.0,0.0,0.0,33.825
SRI,2022,25,2022-01-26,pertumbuhan,3.6597,8.8,0.0,3.5133,1.2,0.0,0.0,0.0,37.9117
SRI,2022,26,2022-01-27,pertumbuhan,3.4738,2.2,0.0,3.3348,1.2,0.0,0.0,0.0,35.5769
SRI,2022,27,2022-01-28,pertumbuhan,3.9076,10.0,0.0,3.7513,1.2,0.6256,0.0,0.0,40.0
SRI,2022,28,2022-01-29,pertumbuhan,4.0809,0.4,0.0,3.9177,1.2,0.0,0.0,0.0,35.2823
SRI,2022,29,2022-01-30,pertumbuhan,4.105,2.8,0.0,3.9408,1.2,0.0,0.0,0.0,32.9415
SRI,2022,30,2022-01-31,pertumbuhan,3.3048,5.2,0.0,3.1727,1.2,0.0,0.0,0.0,33.7689
SRI,2022,31,2022-02-01,pertumbuhan,3.6228,2.6,0.0,3.4779,1.2,0.0,0.0,0.0,31.6909
SRI,2022,32,2022-02-02,pertumbuhan,2.8065,3.9,0.0,2.6942,1.2,0.0,0.0,0.0,31.6967
SRI,2022,33,2022-02-03,pertumbuhan,3.9875,9.2,0.0,3.828,1.2,0.0,0.0,0.0,35.8687
SRI,2022,34,2022-02-04,pertumbuhan,3.7683,11.5,0.0,3.6176,1.2,2.5511,0.0,0.0,40.0
SRI,2022,35,2022-02-05,pertumbuhan,2.3701,18.6,0.0,2.2753,1.2,15.1247,0.0,0.0,40.0
SRI,2022,36,2022-02-06,pertumbuhan,2.9881,2.8,0.0,2.8686,1.2,0.0,0.0,0.0,38.7314
SRI,2022,37,2022-02-07,pertumbuhan,3.0737,4.3,0.0,2.9507,1.2,0.0,0.0,0.0,38.8807
SRI,2022,38,2022-02-08,pertumbuhan,3.6782,3.4,0.0,3.531,1.2,0.0,0.0,0.0,37.5496
SRI,2022,39,2022-02-09,pertumbuhan,3.46,22.6,0.0,3.3216,1.2,15.628,0.0,0.0,40.0
SRI,2022,40,2022-02-10,pertumbuhan,2.6857,0.2,0.0,2.5783,1.2,0.0,0.0,0.0,36.4217
SRI,2022,41,2022-02-11,pertumbuhan,4.3935,1.4,0.0,4.2177,1.2,0.0,0.0,0.0,32.404
SRI,2022,42,2022-02-12,pertumbuhan,2.735,0.4,0.0,2.6256,1.2,0.0,0.0,0.0,28.9784
SRI,2022,43,2022-02-13,pertumbuhan,2.6015,3.8,0.0,2.4974,1.2,0.0,0.0,0.0,29.081
SRI,2022,44,2022-02-14,pertumbuhan,3.358,7.1,0.0,3.2237,1.2,0.0,0.0,0.0,31.7574
SRI,2022,45,2022-02-15,pertumbuhan,2.8484,3.5,0.0,2.7344,1.2,0.0,0.0,0.0,31.3229
SRI,2022,46,2022-02-16,pertumbuhan,4.1633,12.2,0.0,3.9967,1.2,0.0,0.0,0.0,38.3262
SRI,2022,47,2022-02-17,pertumbuhan,3.5,4.8,0.0,3.36,1.2,0.0,0.0,0.0,38.5662
SRI,2022,48,2022-02-18,pertumbuhan,3.0584,8.8,0.0,2.936,1.2,3.2301,0.0,0.0,40.0
SRI,2022,49,2022-02-19,pertumbuhan,3.5429,12.4,0.0,3.4012,1.2,7.7988,0.0,0.0,40.0
SRI,2022,50,2022-02-20,reproduktif,1.9539,0.0,0.0,1.993,1.2,6.807,0.0,0.0,30.0
SRI,2022,51,2022-02-21,reproduktif,3.0874,0.8,0.0,3.1492,1.2,0.0,0.0,0.0,26.4508
SRI,2022,52,2022-02-22,reproduktif,3.4732,14.3,0.0,3.5427,1.2,6.0081,0.0,0.0,30.0
SRI,2022,53,2022-02-23,reproduktif,3.3579,13.3,0.0,3.4251,1.2,8.6749,0.0,0.0,30.0
SRI,2022,54,2022-02-24,reproduktif,2.9653,5.8,0.0,3.0246,1.2,1.5754,0.0,0.0,30.0
SRI,2022,55,2022-02-25,reproduktif,3.3321,7.9,0.0,3.3988,1.2,3.3012,0.0,0.0,30.0
SRI,2022,56,2022-02-26,reproduktif,3.6822,10.6,0.0,3.7558,1.2,5.6442,0.0,0.0,30.0
SRI,2022,57,2022-02-27,reproduktif,3.266,15.7,0.0,3.3313,1.2,11.1687,0.0,0.0,30.0
SRI,2022,58,2022-02-28,reproduktif,2.4771,12.2,0.0,2.5266,1.2,8.4734,0.0,0.0,30.0
SRI,2022,59,2022-03-01,reproduktif,2.9743,5.0,0.0,3.0338,1.2,0.7662,0.0,0.0,30.0
SRI,2022,60,2022-03-02,reproduktif,3.755,21.7,0.0,3.8301,1.2,16.6699,0.0,0.0,30.0
SRI,2022,61,2022-03-03,reproduktif,3.5786,20.0,0.0,3.6502,1.2,15.1498,0.0,0.0,30.0
SRI,2022,62,2022-03-04,reproduktif,3.4411,6.8,0.0,3.5099,1.2,2.0901,0.0,0.0,30.0
SRI,2022,63,2022-03-05,reproduktif,3.0755,27.5,0.0,3.137,1.2,23.163,0.0,0.0,30.0
SRI,2022,64,2022-03-06,reproduktif,3.4308,27.5,0.0,3.4994,1.2,22.8006,0.0,0.0,30.0
SRI,2022,65,2022-03-07,reproduktif,3.1734,11.9,0.0,3.2369,1.2,7.4631,0.0,0.0,30.0
SRI,2022,66,2022-03-08,reproduktif,3.8004,7.8,0.0,3.8764,1.2,2.7236,0.0,0.0,30.0
SRI,2022,67,2022-03-09,reproduktif,3.8428,6.5,0.0,3.9197,1.2,1.3803,0.0,0.0,30.0
SRI,2022,68,2022-03-10,reproduktif,2.9494,2.0,0.0,3.0084,1.2,0.0,0.0,0.0,27.7916
SRI,2022,69,2022-03-11,reproduktif,3.9255,10.4,0.0,4.004,1.2,2.9877,0.0,0.0,30.0
SRI,2022,70,2022-03-12,reproduktif,3.1233,20.1,0.0,3.1858,1.2,15.7142,0.0,0.0,30.0
SRI,2022,71,2022-03-13,reproduktif,3.774,10.9,0.0,3.8495,1.2,5.8505,0.0,0.0,30.0
SRI,2022,72,2022-03-14,reproduktif,3.9171,2.8,0.0,3.9955,1.2,0.0,0.0,0.0,27.6045
SRI,2022,73,2022-03-15,reproduktif,1.3589,20.4,0.0,1.386,1.2,15.4185,0.0,0.0,30.0
SRI,2022,74,2022-03-16,reproduktif,4.0641,7.4,0.0,4.1454,1.2,2.0546,0.0,0.0,30.0
SRI,2022,75,2022-03-17,reproduktif,3.673,3.3,0.0,3.7464,1.2,0.0,0.0,0.0,28.3536
SRI,2022,76,2022-03-18,reproduktif,4.0625,3.1,0.0,4.1438,1.2,0.0,0.0,0.0,26.1098
SRI,2022,77,2022-03-19,reproduktif,3.859,10.0,0.0,3.9362,1.2,0.9736,0.0,0.0,30.0
SRI,2022,78,2022-03-20,reproduktif,3.3811,17.5,0.0,3.4487,1.2,12.8513,0.0,0.0,30.0
SRI,2022,79,2022-03-21,reproduktif,3.1023,14.0,0.0,3.1644,1.2,9.6356,0.0,0.0,30.0
SRI,2022,80,2022-03-22,reproduktif,3.0976,3.6,0.0,3.1596,1.2,0.0,0.0,0.0,29.2404
SRI,2022,81,2022-03-23,reproduktif,3.0586,4.2,0.0,3.1198,1.2,0.0,0.0,0.0,29.1206
SRI,2022,82,2022-03-24,reproduktif,3.8065,1.6,0.0,3.8826,1.2,0.0,0.0,0.0,25.638
SRI,2022,83,2022-03-25,reproduktif,3.6826,6.5,0.0,3.7563,1.2,0.0,0.0,0.0,27.1817
SRI,2022,84,2022-03-26,reproduktif,2.5548,21.3,0.0,2.6059,1.2,14.6759,0.0,0.0,30.0
SRI,2022,85,2022-03-27,reproduktif,3.9731,8.1,0.0,4.0526,1.2,2.8474,0.0,0.0,30.0
SRI,2022,86,2022-03-28,reproduktif,3.492,0.8,0.0,3.5618,1.2,0.0,0.0,0.0,26.0382
SRI,2022,87,2022-03-29,reproduktif,4.3842,0.4,0.0,4.4719,1.2,0.0,0.0,0.0,20.7663
SRI,2022,88,2022-03-30,reproduktif,4.0202,4.8,0.0,4.1006,1.2,0.0,0.0,0.0,20.2657
SRI,2022,89,2022-03-31,reproduktif,3.5774,11.5,0.0,3.6489,1.2,0.0,0.0,0.0,26.9168
SRI,2022,90,2022-04-01,pemasakan,2.988,25.0,0.0,3.1075,1.2,17.6093,0.0,0.0,30.0
SRI,2022,91,2022-04-02,pemasakan,3.5271,5.9,0.0,3.6682,1.2,1.0318,0.0,0.0,30.0
SRI,2022,92,2022-04-03,pemasakan,3.1979,9.5,0.0,3.3259,1.2,4.9741,0.0,0.0,30.0
SRI,2022,93,2022-04-04,pemasakan,3.745,16.5,0.0,3.8948,1.2,11.4052,0.0,0.0,30.0
SRI,2022,94,2022-04-05,pemasakan,3.5414,8.1,0.0,3.6831,1.2,3.2169,0.0,0.0,30.0
SRI,2022,95,2022-04-06,pemasakan,3.6264,2.0,0.0,3.7714,1.2,0.0,0.0,0.0,27.0286
SRI,2022,96,2022-04-07,pemasakan,3.8327,1.2,0.0,3.986,1.2,0.0,0.0,0.0,23.0425
SRI,2022,97,2022-04-08,pemasakan,2.9556,0.8,0.0,3.0739,1.2,0.0,0.0,0.0,19.5687
SRI,2022,98,2022-04-09,pemasakan,3.547,13.0,0.0,3.6889,1.2,0.0,0.0,0.0,27.6797
SRI,2022,99,2022-04-10,pemasakan,3.4334,7.0,0.0,3.5707,1.2,0.0,0.0,0.0,29.909
SRI,2022,100,2022-04-11,pemasakan,3.7382,9.5,0.0,3.8878,1.2,4.3213,0.0,0.0,30.0
SRI,2022,101,2022-04-12,pemasakan,4.2672,0.8,0.0,4.4379,1.2,0.0,0.0,0.0,25.1621
SRI,2022,102,2022-04-13,pemasakan,4.0339,0.5,0.0,4.1952,1.2,0.0,0.0,0.0,20.2668
SRI,2022,103,2022-04-14,pemasakan,3.5599,6.1,0.0,3.7023,1.2,0.0,0.0,0.0,21.4645
SRI,2022,104,2022-04-15,pemasakan,3.8427,6.6,0.0,3.9964,1.2,0.0,0.0,0.0,22.8682
SRI,2022,105,2022-04-16,pemasakan,3.8573,19.5,0.0,4.0115,1.2,7.1566,0.0,0.0,30.0
SRI,2022,106,2022-04-17,pemasakan,4.0012,2.2,0.0,4.1613,1.2,0.0,0.0,0.0,26.8387
SRI,2022,107,2022-04-18,pemasakan,4.1633,7.9,0.0,4.3298,1.2,0.0,0.0,0.0,29.2089
SRI,2022,108,2022-04-19,pemasakan,3.1117,16.1,0.0,3.2362,1.2,10.8727,0.0,0.0,30.0
SRI,2022,109,2022-04-20,pemasakan,3.0244,9.3,0.0,3.1454,1.2,4.9546,0.0,0.0,30.0
