id_petak,rezim,luas_m2,luas_ha,perk_per_mm,hujan_mm,irigasi_mm,etc_mm,perkolasi_mm,limpasan_mm,irigasi_m3,etc_m3,perkolasi_m3,limpasan_m3,tma_rata,tma_min,hari_diairi,hari_kering,nfr_mm_hari,dr_l_detik_ha,debit_l_detik,perk_pl_mm_hari,IR_mm_hari,dr_pl_l_detik_ha,debit_pl_l_detik,isi_mm,isi_m3,Q_isi_l_detik,diameter_cm
PTK-01,FL,1426.064510195727,0.1426064510195727,0.09867938507625332,215.8,462.0074606497971,510.752,165.78600756326526,24.159047179965675,658.8524430783245,728.365300711488,236.42154167301297,34.45235978349321,8.90318156962965,-4.821927204481267,53,11,4.200067824089064,0.7478753248021838,0.10665184587514964,4.933969253812666,13.473972222171911,2.3992115780220638,0.34214304838679516,81.4525327587146,116.15656623275774,5.377618807072118,15.789903317169953
PTK-02,FL,2627.3899985603202,0.262738999856032,0.04980017363475875,215.8,404.7603639885459,510.752,86.11189883894014,38.87246688595336,1063.4633321571403,1341.9446965446807,226.24954176646935,102.13313071552109,9.94011091375434,-5.737588602236558,47,11,3.6796396726231446,0.6552064944129531,0.1721482990412361,2.4900086817379377,11.893069106670094,2.1177117355181787,0.556405463373428,81.20813670150713,213.3654461712591,9.87802991533607,21.400288705840882
PTK-03,FL,2467.019243047165,0.24670192430471652,0.055669327857519414,215.8,405.178948305418,510.752,95.65267734694324,36.9723670694735,999.5842623470787,1260.0350124248257,235.97699566389062,91.21154102139445,9.771385302884052,-4.306254506569849,47,12,3.683444984594709,0.6558840784534737,0.16180786427529764,2.7834663928759706,12.077042253266105,2.1504704866926825,0.530525207227585,81.23748247262093,200.41443251666263,9.278445949845493,20.740636727813243
PTK-04,FL,2624.456844659373,0.2624456844659373,0.0678386422350675,215.8,425.8892366731889,510.752,116.40869686428762,37.0694540235294,1117.7279222537063,1340.446582323464,305.50960126335775,97.28718233983767,9.561220693661928,-4.460363113300337,50,11,3.8717203333926267,0.6894088912736158,0.18093238834720704,3.3919321117533747,12.463642479501788,2.219309558315845,0.582448216073999,81.29832904450868,213.36395612023068,9.877960931492161,21.400213980578574
PTK-05,FL,2703.5121869464056,0.27035121869464057,0.04130162124361437,215.8,389.671160305273,510.752,72.53383844842507,37.27633806928416,1053.480730786852,1380.8242565072505,196.09611621131893,100.77703425504396,10.323965074379911,-5.618149543949558,45,12,3.5424650936843003,0.6307808215249822,0.1705323638284855,2.0650810621807185,11.629560200932083,2.070790634069103,0.5598407715820295,81.1656439395514,219.43230755192988,10.15890312740416,21.702405474819546
PTK-06,FL,3029.7854154821,0.30297854154820997,0.06438156097030819,215.8,421.4298478360311,510.752,110.8541617596035,38.12432944984374,1276.8420066224476,1547.4689605283133,335.86432254474016,115.50853734217128,9.655458359260626,-4.41725232897728,49,12,3.8311804348730103,0.6821902483748237,0.20668900651101518,3.219078048515409,12.353113939873504,2.199628550547276,0.6664402501926167,81.28104363818487,246.2641205701366,11.40111669306188,22.991015763373454
PTK-07,FL,2841.467973751882,0.28414679737518816,0.09180963776110729,215.8,454.06520601479986,510.752,155.8416390098086,26.08513972053229,1290.2117408861043,1451.2854505297212,442.8190262233731,74.12008910673562,9.134221387499514,-4.744929099306582,53,11,4.127865509225453,0.7350187872552444,0.20885323440917247,4.590481888055365,13.245177405114177,2.3584717601699032,0.6701521973521009,81.41818402213887,231.3471623799448,10.710516776849296,22.283821794651676
PTK-08,FL,727.1039069538456,0.07271039069538456,0.061940343628666385,215.8,414.8065922874169,510.752,107.34125848396471,34.9853959389713,301.60749388239174,371.36977468449055,78.04824842103336,25.438018073553238,9.817267609131658,-4.386490884646843,48,12,3.770969020794699,0.6714688427340987,0.048822761894974046,3.097017181433319,12.275399351136082,2.185790482752151,0.15892967997916213,81.26883755147666,59.09088929727608,2.735689319318337,11.262060375181198
PTK-09,FL,808.4572201728224,0.08084572201728224,0.06682596343279747,215.8,424.3484352732365,510.752,114.54834283389071,37.377234917145316,343.0675563656876,412.9211421177094,92.60743482289072,30.217895438861856,9.558652144648892,-4.447789401610023,49,12,3.8577130479385136,0.686914716513268,0.0555341162208119,3.3412981716398735,12.43120796532345,2.2135341818595884,0.17895476914237254,81.29326565049732,65.72212756657186,3.0426910910449934,11.877181557376735
PTK-10,FL,877.470651457978,0.08774706514579779,0.058686597183134036,215.8,410.8676656561103,510.752,102.33857817648467,36.01087016479879,360.5243182462858,448.1698901734652,89.79909886180322,31.598481703074654,9.951942882787971,-4.345078953091978,48,12,3.73516059687373,0.6650926988735274,0.05835993237604988,2.9343298591567017,12.172250992784369,2.167423609826276,0.19018506068996646,81.252568819249,71.29674449446061,3.30077520807688,12.37064767766953
PTK-11,FL,547.6958231814278,0.05476958231814279,0.06046659060437428,215.8,413.02883388532973,510.752,105.08315827821224,35.44842566805367,226.21416717249087,279.73673708156065,57.553606875689724,19.414954676750313,9.878071026672904,-4.367792168035047,48,12,3.754807580775725,0.6685910934429709,0.03661845492950189,3.023329530218714,12.228617981053755,2.177460466711851,0.11925860027607633,81.26146878635521,44.50656703987472,2.0604892148090146,9.773939279022681
PTK-12,FL,784.2233847120224,0.07842233847120224,0.07615555442858436,215.8,432.72306795438135,510.752,129.7697297156797,30.638155250491614,339.3515489941554,400.54366218843484,101.76845667079463,24.027157811872954,9.389534970536408,-4.561923424308083,51,11,3.9338460723125577,0.7004711667223215,0.054932586926015825,3.8077777214292183,12.73181577770795,2.2670612139793356,0.1777882418576221,81.33991360547626,63.78866235987007,2.953178812956948,11.70117126042545
PTK-13,FL,1545.014754374497,0.1545014754374497,0.07775653142762845,215.8,434.5921543862919,510.752,132.1336791291837,30.161594444459375,671.4512906622202,789.1193758262831,204.14848380437434,46.6001084321496,9.329804686983227,-4.581126295464869,51,11,3.950837767148108,0.7034967534095633,0.10869128636723324,3.8878265713814226,12.783804255450077,2.2763184215545005,0.3516945546956169,81.34791849047147,125.68373430543238,5.818691403029277,16.424687911648817
PTK-14,FL,1429.3330160808182,0.14293330160808182,0.06855753200983482,215.8,426.7432233321745,510.752,117.48890855311024,36.851573174811136,609.9581784974272,730.03469662931,167.9307760182605,52.673170233275776,9.533043050249542,-4.469261610577345,50,11,3.879483848474314,0.690791283560241,0.0987370788813499,3.4278766004917407,12.486696274623924,2.223414578814801,0.31779998659354214,81.3019234933825,116.20752351996833,5.379977940739275,15.793366412021879
PTK-15,FL,643.8602498019136,0.06438602498019136,0.05970465963404784,215.8,412.10562221079584,510.752,103.91065371027543,35.68875117681357,265.33842886141605,328.85291030682697,66.90393945497807,22.97856824782152,9.909633799237273,-4.3580870066098845,48,12,3.746414747370871,0.6670966430503688,0.04295170112364284,2.985232981702392,12.204471795602815,2.1731609322654584,0.13992119407081974,81.25765913150357,52.318576706728635,2.422156329015215,10.59706378999282
PTK-16,FL,654.9084087963683,0.06549084087963683,0.09187039486244662,215.8,454.1361618013886,510.752,155.9304923519263,26.067918646701187,297.4175911022375,334.49577960956276,102.12019062903433,17.072099121544255,9.132157287303563,-4.7456188760439995,53,11,4.128510561830805,0.7351336470496448,0.04814452070419539,4.593519743122331,13.247191581382308,2.358830409790297,0.15448178702962487,81.41848780764556,53.32165229671167,2.468595013736651,10.698167357427305
PTK-17,FL,1194.5764896953137,0.11945764896953137,0.12495085677859483,215.8,509.28114001831466,510.752,210.93368218172964,26.567068233763095,608.3752765111059,610.1323312648609,251.97641761915753,31.736395112184596,8.544367176759748,-3.960180897345566,57,10,4.629828545621042,0.8243996698043166,0.09848084636608162,6.247542838929741,14.368281601268551,2.5584547010805823,0.3056269835861315,81.5838901172263,97.4581970719244,4.511953568144649,14.463279358034223
PTK-18,FL,819.8452086827696,0.08198452086827696,0.09171089577736907,215.8,453.94986177881844,510.752,155.69720044746686,26.11313447643704,372.1686191615698,418.73758002514194,127.64760379217647,21.40872818419575,9.137576744296666,-4.743807743475266,53,11,4.126816925261986,0.7348320735865359,0.06024485547163458,4.585544788868454,13.24190433681708,2.3578889488634402,0.19331039573317432,81.41769031222017,66.74990330449126,3.0902733011338546,11.969690160323989
PTK-19,FL,841.6022002882343,0.08416022002882342,0.10015231869737314,215.8,473.7801444400033,510.752,170.6299837537708,31.103931542651615,398.73441201358423,429.85000700161623,143.60256976231918,26.17713722391021,9.01108055744056,-4.83817608286055,54,11,4.307092222181848,0.766932375744631,0.06454519748989643,5.007615934868657,13.523303739998818,2.4079956801992197,0.20265744627402266,81.4598974268202,68.55682890966575,3.1739272643363776,12.130618615294713
PTK-20,FL,2136.0871126497304,0.21360871126497305,0.05970772036606434,215.8,412.1093364449621,510.752,103.9153706813492,35.687784485767935,880.3014425827154,1091.010764960075,221.97228411864964,76.23221651906987,9.90950683504971,-4.358126044700361,48,12,3.746448513136019,0.6671026554729378,0.14249893851701556,2.985386018303217,12.204568738269312,2.1731781941362733,0.46420979339859075,81.25767443516365,173.57347116484053,8.035808850224099,19.30186450189237
PTK-21,FL,860.6159389574896,0.08606159389574895,0.044467449777926875,215.8,398.3486764549842,510.752,77.88531668502534,40.6340342677381,342.8252202197794,439.56131205441574,67.02934494988452,34.97029755496023,10.202196875378373,-5.6630508434866655,47,11,3.62135160413622,0.6448275648390704,0.05549488801796481,2.2233724888963438,11.727320745340222,2.0881981384152817,0.17971366016215493,81.18147308222296,69.86606968260948,3.234540263083772,12.245901012641736
PTK-22,FL,798.458686970811,0.0798458686970811,0.08108319731145171,215.8,440.3335646820596,510.752,138.89507634772164,29.179473637802353,351.58815988521394,407.81437128771563,110.90198028731236,23.298604207339057,9.401527413750097,-4.620671678357346,52,11,4.003032406200542,0.7127906706197545,0.0569133902948093,4.0541598655725855,12.892207073472342,2.2956209176410862,0.183295846368243,81.3645518198906,64.96623321207835,3.0076959820406644,11.808682112340547
PTK-23,FL,1482.894049735056,0.1482894049735056,0.07452000833294692,215.8,430.9812358590017,510.752,127.51963828096827,31.127664289700597,639.0995102027742,757.3911016902792,189.09811283121448,46.1590281573474,9.471037426676359,-4.542190540096684,50,12,3.9180112350818335,0.6976515731983322,0.10345433666841077,3.726000416647346,12.67882647795146,2.257625797356029,0.33478198614276167,81.33173587499807,120.60634718365783,5.583627184428603,16.089504527256285
