petak,di,rezim,kewenangan,status,jaringan_m,jarak_jaringan_m,tanam,bulan_tanam_optimum,luas_ha,luas_m2,luas_cea_ha,luas_geom_ha,luas_sawah_big_ha,lat,lon,elev_rata_m,eto_rata_mm_hari,hujan_tahunan_mm,n_musim,hujan_mm,irigasi_mm,irigasi_m3,irigasi_mm_andalan,irigasi_m3_andalan,nfr_mm_hari,dr_l_detik_ha,debit_l_detik,debit_l_detik_andalan,etc_mm,etc_m3,perkolasi_mm,perkolasi_m3,limpasan_mm,limpasan_m3,masuk_mm,keluar_mm,water_loss_m3,etc_pct,perkolasi_pct,limpasan_pct,loss_pct_masuk,irigasi_pct_masuk,hujan_pct_masuk,tma_rata,tma_min,hari_diairi,hari_kering,hari_limpas
DI Citameng I,DI Citameng I,FL,Kab. Garut,Sesuai Permen PUPR No. 14/2015,6668.427182323718,0.0,Jan,Jan,616.0,6160000.0,616.0,609.9485649848683,589.8613922843921,-7.1442499999999995,107.9961,676.0,3.4520945506914265,2450.2454545454543,9,1380.2999999999997,230.39769873902435,1419249.8242323902,283.78682686702393,1748126.8535008675,1.6456978481358882,0.2930373661210627,180.5110175305746,222.3401065197481,488.827222449268,3011175.690287491,280.0,1724800.0,667.4946220383616,4111766.871756308,1610.697698739024,1436.3218444876297,8847742.5620438,34.033265199252355,19.494238082822076,46.47249671792556,89.17389312793401,14.304217291636855,85.69578270836315,39.32373960537518,4.104718129907413,49.0,0.0,65.0
DI Citameng I,DI Citameng I,SRI,Kab. Garut,Sesuai Permen PUPR No. 14/2015,6668.427182323718,0.0,Jan,Jan,616.0,6160000.0,616.0,609.9485649848683,589.8613922843921,-7.1442499999999995,107.9961,676.0,3.4520945506914265,2450.2454545454543,9,1380.2999999999997,122.75123154276389,756147.5863034255,183.7868268670239,1132126.8535008673,0.876794511019742,0.15612437874283155,96.17261730558424,143.9925281721697,472.28672294650437,2909286.2133504674,192.0,1182720.0,657.5490593160226,4050502.2053866996,1503.0512315427636,1321.8357822625271,8142508.418737167,35.72960645218065,14.52525363410591,49.74513991371344,87.94349484054293,8.166802898446077,91.83319710155392,30.03815111476949,-0.6962874567096042,19.0,1.0,64.0
DI Cipancar,DI Cipancar,FL,Kab. Garut,Sesuai Permen PUPR No. 14/2015,2404.7891072890166,0.0,Jan,Jan,516.0,5160000.0,516.0,516.3266241021282,506.613178394302,-7.09195,107.942525,610.0,3.5751612622072666,2307.909090909091,9,1315.3000000000002,264.449412065032,1364558.9662555652,294.54179884676824,1519835.682049324,1.8889243718930857,0.33634693231714485,173.55501707564673,193.3042941149425,496.3435313524586,2561132.6217786865,280.0,1444800.0,575.9428212508144,2971864.9576542024,1579.7494120650322,1352.286352603273,6977797.579432888,36.70402577064781,20.705673725167365,42.59030050418483,85.60132020151082,16.739959517968515,83.2600404820315,38.20380049035694,6.0064968879972085,54.0,0.0,59.0
DI Cipancar,DI Cipancar,SRI,Kab. Garut,Sesuai Permen PUPR No. 14/2015,2404.7891072890166,0.0,Jan,Jan,516.0,5160000.0,516.0,516.3266241021282,506.613178394302,-7.09195,107.942525,610.0,3.5751612622072666,2307.909090909091,9,1315.3000000000002,138.54548040362704,714894.6788827155,185.82442539952098,958854.0350615282,0.9896105743116217,0.17621270910107223,90.92575789615327,121.95436953875765,479.5857946640462,2474662.7004664782,192.0,990720.0,546.3060460202278,2818939.1974643753,1453.8454804036273,1217.891840684274,6284321.897930855,39.378356816528985,15.764946737152338,44.85669644631867,83.77037705177266,9.529587722428591,90.47041227757141,29.175956303781778,-1.6537531725937682,23.0,2.0,55.0
DI Cibuyutan Utara,DI Cibuyutan Utara,FL,Kab. Garut,Sesuai Permen PUPR No. 14/2015,11570.860488107717,0.0,Jan,Jan,453.0,4530000.0,453.0,452.78750248049107,400.77256408085685,-7.11965,107.93715,639.0,3.4842292786314513,2402.2727272727275,9,1395.0,222.9292950349182,1009869.7065081794,284.0633039402433,1286806.7668493022,1.5923521073922728,0.2835384806610172,128.4429317394408,163.66589932454494,491.07305971340224,2224560.9605017123,280.0,1268400.0,672.0814334467048,3044528.8935135724,1617.9292950349181,1443.154493160107,6537489.854015284,34.02775392661452,19.401942157064408,46.570303916321066,89.19762424655033,13.778679681432369,86.22132031856763,39.28373714458611,4.043201013790058,49.0,0.0,65.0
DI Cibuyutan Utara,DI Cibuyutan Utara,SRI,Kab. Garut,Sesuai Permen PUPR No. 14/2015,11570.860488107717,0.0,Jan,Jan,453.0,4530000.0,453.0,452.78750248049107,400.77256408085685,-7.11965,107.93715,639.0,3.4842292786314513,2402.2727272727275,9,1395.0,122.92929503491816,556869.7065081792,184.06330394024332,833806.7668493022,0.8780663931065582,0.15635085347338998,70.82693662344566,106.04990420854982,474.45922252482467,2149300.278037456,192.0,869760.0,660.1263645137624,2990372.431247344,1517.9292950349181,1326.5855870385872,6009432.709284799,35.76544379499759,14.473246345802126,49.76130985920028,87.39442550965924,8.09848623628351,91.9015137637165,30.013504515719383,-0.7132723454840493,19.0,1.0,64.0
DI Parigi,DI Parigi,FL,Kab. Garut,Sesuai Permen PUPR No. 14/2015,12174.925298887116,0.0,Jan,Jan,383.0,3830000.0,383.0,382.83006042055837,282.3686708438034,-7.14415,107.95762500000001,650.0,3.4665378354767746,2450.2454545454543,9,1380.2999999999997,230.55393657450105,883021.5770803391,284.01324629103664,1087770.7332946705,1.6468138326750075,0.2932360813167748,112.30941914432475,138.35097849189435,490.69144013312973,1879348.215709887,280.0,1072400.0,666.4902087177638,2552657.4993890356,1610.8539365745007,1437.1816488508935,5504405.715098922,34.142617986074676,19.482575513253703,46.37480650067163,89.21861977797172,14.312528984767956,85.68747101523205,39.29008212129606,4.055797495122846,49.0,0.0,65.0
DI Parigi,DI Parigi,SRI,Kab. Garut,Sesuai Permen PUPR No. 14/2015,12174.925298887116,0.0,Jan,Jan,383.0,3830000.0,383.0,382.83006042055837,282.3686708438034,-7.14415,107.95762500000001,650.0,3.4665378354767746,2450.2454545454543,9,1380.2999999999997,122.94628409300701,470884.2680762168,184.01324629103667,704770.7332946705,0.8781877435214787,0.15637246145325473,59.890652736596564,89.63811727903317,474.08875986770533,1815759.9502933116,192.0,735360.0,656.3094944944698,2513665.3639138197,1503.2462840930068,1322.398254362175,5064785.314207131,35.85067949869382,14.519075427289208,49.630245074016976,87.96950096304761,8.17871864337835,91.82128135662164,30.016687384653768,-0.713059246597056,19.0,1.0,64.0
DI Citikey,DI Citikey,FL,Kab. Garut,Sesuai Permen PUPR No. 14/2015,9691.346953715456,0.0,Jan,Jan,361.0,3610000.0,361.0,360.1779678579137,286.1996377127074,-7.07275,107.973175,576.0,3.589686954654994,2307.909090909091,9,1315.3000000000002,264.9641651111394,956520.6360512133,295.0562730243709,1065153.145617979,1.8926011793652813,0.33700163450236487,121.65759005535372,135.47430118258788,498.7214048852678,1800384.271635817,280.0,1010800.0,574.7566353063902,2074871.4534560686,1580.2641651111396,1353.478040191658,4886055.725091886,36.84739538253955,20.687443141696697,42.46516147576375,85.64884720375015,16.767080527482854,83.23291947251715,38.16807820927707,5.942957466592012,54.0,0.0,59.0
DI Citikey,DI Citikey,SRI,Kab. Garut,Sesuai Permen PUPR No. 14/2015,9691.346953715456,0.0,Jan,Jan,361.0,3610000.0,361.0,360.1779678579137,286.1996377127074,-7.07275,107.973175,576.0,3.589686954654994,2307.909090909091,9,1315.3000000000002,139.0371241889144,501924.01832198096,186.14910323507974,671998.2626786379,0.9931223156351028,0.17683801916579464,63.83852491885187,85.46986450430376,481.88560360728326,1739607.0290222927,192.0,693120.0,544.872800204293,1966990.8087374978,1454.3371241889145,1218.758403811576,4399717.837759789,39.53905893901712,15.753737524970848,44.70720353601205,83.80164293002414,9.560171563828817,90.4398284361712,29.14172485684733,-1.6697765046687034,23.0,2.0,55.0
DI Citameng II,DI Citameng II,FL,Kab. Garut,Sesuai Permen PUPR No. 14/2015,4340.157096526737,0.0,Jan,Jan,339.0,3390000.0,339.0,338.1980250864487,331.415436679945,-7.13695,108.00260833333334,684.0,3.4487547879544396,2450.2454545454543,9,1380.2999999999997,230.37524610214376,780972.0842862674,283.7377889532254,961871.104551434,1.6455374721581697,0.2930088091449732,99.3299863001459,122.33810344823895,488.38801554447946,1655635.3726957855,280.0,949200.0,667.753988091069,2263686.019628724,1610.6752461021435,1436.1420036355485,4868521.392324509,34.00694459935998,19.49667924837438,46.49637615226563,89.16397064591587,14.30302270179262,85.69697729820737,39.33262811609508,4.11330178464604,49.0,0.0,65.0
DI Citameng II,DI Citameng II,SRI,Kab. Garut,Sesuai Permen PUPR No. 14/2015,4340.157096526737,0.0,Jan,Jan,339.0,3390000.0,339.0,338.1980250864487,331.415436679945,-7.13695,108.00260833333334,684.0,3.4487547879544396,2450.2454545454543,9,1380.2999999999997,122.7149585094934,416003.7093471826,183.73778895322536,622871.1045514339,0.8765354179249528,0.15607824393250583,52.91052469311948,79.22149783163333,471.86419069445924,1599619.6064542166,192.0,650880.0,657.8746887278603,2230195.1947874464,1503.0149585094932,1321.7388794223195,4480694.801241663,35.700258049509195,14.526318548177663,49.77342340231315,87.93916999555739,8.164586640653738,91.83541335934625,30.043693587046576,-0.6895576330744939,19.0,1.0,64.0
DI Citameng IV,DI Citameng IV,FL,Kab. Garut,Sesuai Permen PUPR No. 14/2015,7476.655724721232,0.0,Jan,Jan,311.0,3110000.0,311.0,310.61503997740897,282.47998427537635,-7.10775,107.98328749999999,635.0,3.4847153143860923,2402.2727272727275,9,1395.0,222.91748697187683,693273.3844825369,284.11778325943817,883606.3059368527,1.5922677640848344,0.28352346226581804,88.17579676466941,112.38378942013286,491.5810533592222,1528817.075947181,280.0,870800.0,671.756787424463,2089163.6088900801,1617.9174869718768,1443.3378407836854,4488780.684837261,34.058627125878566,19.39947752273779,46.54189535138364,89.20960756070832,13.778050411525816,86.22194958847419,39.2734208851538,4.033357618486671,49.0,0.0,65.0
DI Citameng IV,DI Citameng IV,SRI,Kab. Garut,Sesuai Permen PUPR No. 14/2015,7476.655724721232,0.0,Jan,Jan,311.0,3110000.0,311.0,310.61503997740897,282.47998427537635,-7.10775,107.98328749999999,635.0,3.4847153143860923,2402.2727272727275,9,1395.0,122.91748697187681,382273.3844825369,184.1177832594382,572606.3059368528,0.8779820497991201,0.15633583507819088,48.62044470931736,72.82843736478083,474.94806178423926,1477088.4721489842,192.0,597120.0,659.7626163150791,2051861.736739896,1517.9174869718768,1326.7106780993183,4126070.20888888,35.79891755033303,14.471881712376387,49.72920073729058,87.40334632721041,8.09777132333374,91.90222867666627,30.007032079671387,-0.7205792670261477,19.0,1.0,64.0
DI Ciojar,DI Ciojar,FL,Kab. Garut,Sesuai Permen PUPR No. 14/2015,5278.321718125484,0.0,Jan,Jan,309.0,3090000.0,309.0,308.8216842841045,283.66839594919753,-7.17805,107.93356875,688.0,3.4511504216254756,2450.2454545454543,9,1380.2999999999997,230.41508592124774,711982.6154966555,283.7516146955985,876792.4894093995,1.6458220422946266,0.2930594804655674,90.55537946386033,111.51715626391423,488.4781102023799,1509397.3605253538,280.0,865200.0,667.5256718270168,2062654.3259454821,1610.7150859212475,1436.0037820293967,4437251.6864708355,34.01649190032427,19.4985558885017,46.48495221117403,89.1531838610722,14.305142351694185,85.69485764830581,39.3316350380282,4.110094497200323,49.0,0.0,65.0
DI Ciojar,DI Ciojar,SRI,Kab. Garut,Sesuai Permen PUPR No. 14/2015,5278.321718125484,0.0,Jan,Jan,309.0,3090000.0,309.0,308.8216842841045,283.66839594919753,-7.17805,107.93356875,688.0,3.4511504216254756,2450.2454545454543,9,1380.2999999999997,122.72787493167934,379229.1335388891,183.75161469559848,567792.4894093992,0.8766276780834238,0.15609467202340166,48.23325365523111,72.21617946293743,471.9514647038909,1458330.0259350229,192.0,593280.0,657.6412407304967,2032111.433857235,1503.027874931679,1321.5927054343877,4083721.459792258,35.71081035505319,14.527925223141459,49.76126442180536,87.92868898020015,8.165375837574404,91.8346241624256,30.04273433299939,-0.6909181079182094,19.0,1.0,64.0
DI Cipacing,DI Cipacing,FL,Kab. Garut,Sesuai Permen PUPR No. 14/2015,3068.2252256415663,0.0,Jan,Jan,280.0,2800000.0,280.0,279.4035298880658,255.6895852656249,-7.05945,107.982925,522.0,3.5723555244058334,2564.2272727272725,9,1427.8000000000002,240.4583780137047,673283.4584383732,272.3883581789821,762687.4029011499,1.7175598429550336,0.305833305369486,85.63332550345608,97.00440106089106,493.94407551100755,1383043.4114308213,280.0,784000.0,648.6256479897929,1816151.81437142,1668.258378013705,1422.5697235008006,3983195.2258022414,34.72195895575937,19.682690793597676,45.595350250642944,85.27274565193966,14.413737175413083,85.58626282458692,39.94312362700517,7.57788751361843,50.0,0.0,73.0
DI Cipacing,DI Cipacing,SRI,Kab. Garut,Sesuai Permen PUPR No. 14/2015,3068.2252256415663,0.0,Jan,Jan,280.0,2800000.0,280.0,279.4035298880658,255.6895852656249,-7.05945,107.982925,522.0,3.5723555244058334,2564.2272727272725,9,1427.8000000000002,123.4354870464885,345619.36373016785,164.27366574398695,459966.26408316346,0.8816820503320607,0.15699466708191961,43.95850678293749,58.50201771509507,477.57051200998467,1337197.433627957,192.0,537600.0,660.5840335171938,1849635.2938481425,1551.2354870464887,1330.1545455271785,3724432.7274761,35.9033853333719,14.434412951910403,49.66220171471769,85.7480734959047,7.957237187856397,92.04276281214361,30.79341613187509,0.7348661102138729,19.0,0.0,70.0
DI Cibuyutan Selatan,DI Cibuyutan Selatan,FL,Kab. Garut,Sesuai Permen PUPR No. 14/2015,8255.224294893942,0.0,Jan,Jan,266.0,2660000.0,266.0,265.8599588123958,240.84774851565695,-7.154,107.92037499999999,699.0,3.4438119798681677,2450.2454545454543,9,1380.2999999999997,230.33183604078732,612682.6838684942,283.63161554485373,754460.097349311,1.645227400291338,0.2929535969179733,77.9256567801809,95.95798958960505,487.526651107999,1296820.8919472774,280.0,744800.0,668.0682148357946,1777061.4514632137,1610.631836040787,1435.5948659437936,3818682.343410491,33.95990489193395,19.504109874057082,46.53598523400897,89.13240343446428,14.300712980253948,85.69928701974605,39.3488923686535,4.136157445033918,49.0,0.0,65.0
DI Cibuyutan Selatan,DI Cibuyutan Selatan,SRI,Kab. Garut,Sesuai Permen PUPR No. 14/2015,8255.224294893942,0.0,Jan,Jan,266.0,2660000.0,266.0,265.8599588123958,240.84774851565695,-7.154,107.92037499999999,699.0,3.4438119798681677,2450.2454545454543,9,1380.2999999999997,122.62392493135818,326179.64031741273,183.6316155448537,488460.0973493108,0.8758851780811299,0.15596246048453166,41.486014488885424,62.12608075769623,471.03152517755575,1252943.8569722981,192.0,510720.0,658.2970926741132,1751070.266513141,1502.923924931358,1321.328617851669,3514734.1234854395,35.64832539110519,14.530828849538604,49.82084575935621,87.91719899675009,8.159024079476191,91.8409759205238,30.053904848802123,-0.6818308053533055,19.0,1.0,64.0
DI Citameng III,DI Citameng III,FL,Kab. Garut,Sesuai Permen PUPR No. 14/2015,5798.793137170536,0.0,Jan,Jan,124.0,1240000.0,124.0,123.99305030706039,119.48089435166494,-7.14035,107.99889999999999,679.0,3.4524991290229567,2450.2454545454543,9,1380.2999999999997,230.40164896119785,285698.04471188533,283.7921078919652,351902.2137860369,1.645726064008556,0.2930423903149138,36.33725639904931,44.75760757351913,488.8807434920292,606212.1219301162,280.0,347200.0,667.464688079671,827656.213218792,1610.7016489611976,1436.3454315717001,1781068.3351489082,34.03643251450165,19.493917956324342,46.46964952917401,89.17513882835182,14.304427459287236,85.69557254071276,39.32277362311573,4.103471791734297,49.0,0.0,65.0
DI Citameng III,DI Citameng III,SRI,Kab. Garut,Sesuai Permen PUPR No. 14/2015,5798.793137170536,0.0,Jan,Jan,124.0,1240000.0,124.0,123.99305030706039,119.48089435166494,-7.14035,107.99889999999999,679.0,3.4524991290229567,2450.2454545454543,9,1380.2999999999997,122.75635907390792,152217.8852516458,183.79210789196523,227902.21378603688,0.8768311362421994,0.15613090032802696,19.36023164067534,28.986341802253367,472.3383879194006,585699.6010200568,192.0,238080.0,657.5121630893227,815315.0822307601,1503.0563590739077,1321.8505510087234,1639094.683250817,35.73311578672432,14.525091346633854,49.741792866641816,87.94417741083028,8.167116178500649,91.83288382149934,30.03757025121076,-0.6968435003016813,19.0,1.0,64.0
