petak,hamparan,jenis,luas_m2,luas_ha,keliling_m,simpul,lat,lon,piksel_sumber,sel_dem,elev_min_m,elev_maks_m,elev_rata_m,beda_tinggi_m,lereng_deg,lereng_persen,kelas_lereng,arah_hadap_deg,arah_hadap,tangkapan_ha,keandalan_terrain
SWH-00,H1,petak,17554.735579,1.755474,556.75009,135,-7.187614,107.910255,19.505262,791,696.761719,702.222656,699.773615,5.460938,2.4319,4.247017,landai 3-8%,111.675342,T,6.941867,kemiringan (hati-hati)
SWH-02,H1,petak,2976.367394,0.297637,217.833622,35,-7.18781,107.909368,3.307075,131,701.0,703.140625,701.678167,2.140625,1.724218,3.010238,landai 3-8%,359.251889,U,6.400446,kemiringan (hati-hati)
SWH-03,H1,petak,753.96363,0.075396,124.074337,25,-7.188029,107.909062,0.837737,35,701.0,703.148438,702.155022,2.148438,2.106077,3.677454,landai 3-8%,327.628704,BL,0.031452,posisi saja
SWH-04,H1,petak,476.165086,0.047617,120.619802,59,-7.188051,107.908941,0.529072,22,701.0,702.730469,701.878196,1.730469,1.586501,2.769675,datar 0-3%,326.771289,BL,0.022466,posisi saja
SWH-06,H1,petak,1113.428737,0.111343,146.155011,73,-7.188041,107.908802,1.237143,47,701.0,702.203125,701.716257,1.203125,1.138203,1.986801,datar 0-3%,31.763777,TL,2.675652,urutan kasar
SWH-07,H1,petak,1653.832512,0.165383,195.362017,91,-7.188149,107.908615,1.837592,78,701.8125,702.855469,702.214393,1.042969,1.820346,3.178172,landai 3-8%,98.96968,T,2.120752,urutan kasar
SWH-08,H1,petak,1012.361547,0.101236,177.711445,58,-7.188151,107.908455,1.124846,40,701.9375,703.710938,702.899707,1.773438,2.706433,4.727134,landai 3-8%,111.510808,T,0.026959,urutan kasar
SWH-09,H1,petak,831.410643,0.083141,137.02635,39,-7.188035,107.908332,0.92379,42,703.480469,704.308594,703.887928,0.828125,2.581388,4.508423,landai 3-8%,102.313729,T,0.022466,posisi saja
SWH-10,H1,petak,836.530913,0.083653,116.336755,30,-7.188417,107.908919,0.929479,37,701.902344,703.234375,702.226985,1.332031,1.485249,2.592829,datar 0-3%,298.839559,BL,0.276327,posisi saja
SWH-11,H1,petak,722.350857,0.072235,132.750766,73,-7.188566,107.908716,0.802612,32,701.878906,702.929688,702.177612,1.050781,2.100791,3.668216,landai 3-8%,339.310525,U,0.222409,posisi saja
SWH-12,H1,petak,689.258943,0.068926,104.7685,37,-7.188631,107.908494,0.765843,29,701.644531,702.714844,702.0,1.070312,2.093828,3.656046,landai 3-8%,357.173056,U,1.790507,posisi saja
SWH-13,H1,petak,1734.531982,0.173453,171.650023,39,-7.188564,107.90822,1.927258,73,701.683594,704.105469,702.791524,2.421875,2.280946,3.983105,landai 3-8%,99.745937,T,1.343442,urutan kasar
SWH-15,H1,petak,1743.123251,0.174312,175.663953,29,-7.188066,107.908123,1.936804,76,703.808594,705.0,704.584858,1.191406,1.707566,2.981148,datar 0-3%,111.032251,T,0.015726,urutan kasar
SWH-18,H2,batas blok,13111.480209,1.311148,473.771198,73,-7.185573,107.912249,14.568311,587,688.0,694.511719,689.853752,6.511719,3.392198,5.92743,landai 3-8%,168.775855,S,7.512493,kemiringan (hati-hati)
SWH-19,H2,petak,1353.893162,0.135389,147.545328,30,-7.185993,107.912068,1.504326,61,688.09375,690.980469,689.220031,2.886719,3.284863,5.739458,landai 3-8%,4.523085,U,5.715246,urutan kasar
SWH-20,H2,petak,1741.484438,0.174148,175.381813,21,-7.1859,107.91249,1.934983,78,688.113281,693.9375,690.892979,5.824219,7.17721,12.59253,agak curam 8-15%,323.600989,BL,0.062904,urutan kasar
SWH-21,H2,petak,1389.824665,0.138982,166.112697,30,-7.185642,107.912505,1.54425,64,688.0,690.929688,688.781494,2.929688,3.223858,5.632639,landai 3-8%,295.225145,BL,6.45661,urutan kasar
SWH-22,H2,petak,669.163358,0.066916,105.041204,29,-7.18542,107.912355,0.743515,30,688.0,689.835938,688.672135,1.835938,2.391863,4.177015,landai 3-8%,194.216882,S,0.119068,posisi saja
SWH-23,H2,petak,631.879624,0.063188,103.610914,30,-7.185412,107.912618,0.702088,25,688.382812,690.507812,689.599531,2.125,3.494197,6.106097,landai 3-8%,236.537941,BD,7.110359,posisi saja
SWH-24,H2,petak,1685.885586,0.168589,171.556069,40,-7.185709,107.912002,1.873206,73,688.046875,691.085938,689.258562,3.039062,2.526531,4.412489,landai 3-8%,100.304975,T,0.060657,urutan kasar
SWH-25,H2,petak,2204.905424,0.220491,205.372958,64,-7.185397,107.911912,2.449895,98,688.359375,691.035156,690.054648,2.675781,2.013329,3.51537,landai 3-8%,107.950164,T,0.121314,urutan kasar
SWH-26,H2,petak,2036.080327,0.203608,188.701525,31,-7.185171,107.912496,2.262311,93,689.160156,691.929688,690.47316,2.769531,2.793711,4.879813,landai 3-8%,212.003009,BD,7.512493,urutan kasar
SWH-27,H2,petak,354.545987,0.035455,77.189844,21,-7.185776,107.912859,0.39394,17,691.839844,693.195312,692.633502,1.355469,5.416789,9.482347,agak curam 8-15%,321.360936,BL,0.085369,posisi saja
SWH-28,H2,petak,304.01258,0.030401,72.424301,24,-7.185646,107.912898,0.337792,15,691.207031,693.011719,692.118229,1.804688,4.069047,7.11379,landai 3-8%,300.584402,BL,0.092109,posisi saja
SWH-29,H2,petak,558.08877,0.055809,91.921238,29,-7.185484,107.912904,0.620099,23,691.128906,692.421875,691.649457,1.292969,3.419685,5.975573,landai 3-8%,276.541262,B,0.103342,posisi saja
SWH-30,H2,petak,565.2068,0.056521,115.572629,38,-7.185604,107.913529,0.628008,25,691.714844,694.128906,692.47875,2.414062,4.403965,7.701543,landai 3-8%,43.168903,TL,0.119068,posisi saja
SWH-31,H2,petak,1916.78666,0.191679,188.489319,40,-7.185744,107.913934,2.129763,88,690.667969,695.304688,692.666326,4.636719,6.655132,11.667918,agak curam 8-15%,10.098772,U,0.080876,urutan kasar
SWH-32,H2,petak,1646.979017,0.164698,162.868642,63,-7.185439,107.913731,1.829977,74,689.0625,692.789062,690.699324,3.726562,3.841079,6.714008,landai 3-8%,73.128427,T,0.379668,urutan kasar
SWH-33,H2,petak,1043.08843,0.104309,128.993838,38,-7.18546,107.914077,1.158987,42,689.023438,691.113281,690.01051,2.089844,3.261808,5.699087,landai 3-8%,322.333522,BL,0.83572,urutan kasar
SWH-34,H2,petak,1271.96644,0.127197,150.127257,36,-7.185016,107.913692,1.413296,58,690.265625,692.726562,691.58028,2.460938,4.304924,7.527681,landai 3-8%,93.657254,T,80.864887,urutan kasar
SWH-35,H2,petak,1272.472181,0.127247,152.877364,94,-7.185045,107.913908,1.413858,56,688.011719,690.671875,689.264997,2.660156,3.887391,6.795207,landai 3-8%,95.124652,T,80.999681,urutan kasar
SWH-36,H2,petak,627.808878,0.062781,124.201026,60,-7.185072,107.914075,0.697565,28,688.023438,689.203125,688.379046,1.179688,1.556666,2.717563,datar 0-3%,4.260509,U,81.00642,posisi saja
SWH-37,H2,petak,729.984199,0.072998,121.51939,45,-7.185112,107.91421,0.811094,32,688.113281,690.8125,689.225952,2.699219,3.331793,5.821639,landai 3-8%,312.822013,BL,81.008667,posisi saja
SWH-38,H2,petak,609.175478,0.060918,100.294802,49,-7.185053,107.914402,0.676862,29,688.859375,691.082031,689.825027,2.222656,2.961746,5.173832,landai 3-8%,359.666182,U,0.015726,posisi saja
SWH-39,H2,petak,601.455452,0.060146,102.981847,40,-7.185033,107.914597,0.668284,28,687.910156,691.011719,689.048968,3.101562,3.727238,6.51445,landai 3-8%,71.763056,T,0.020219,posisi saja
SWH-40,H2,petak,1028.749659,0.102875,142.866734,40,-7.184768,107.914765,1.143055,46,687.90625,688.894531,688.191406,0.988281,1.798392,3.139818,landai 3-8%,143.940906,TG,83.365307,urutan kasar
SWH-41,H2,petak,1340.85423,0.134085,151.161488,43,-7.184794,107.914318,1.489838,60,688.089844,689.289062,688.7875,1.199219,1.369816,2.391235,datar 0-3%,168.137832,S,83.354074,urutan kasar
SWH-42,H2,petak,237.365632,0.023737,61.580989,19,-7.184732,107.914037,0.26374,10,688.574219,689.789062,689.217578,1.214844,3.696823,6.461142,landai 3-8%,132.77074,TG,0.053917,posisi saja
SWH-43,H2,petak,1201.622292,0.120162,159.818966,43,-7.184576,107.914276,1.335136,55,688.894531,690.785156,689.53679,1.890625,3.312456,5.787777,landai 3-8%,158.323363,S,0.247121,urutan kasar
SWH-44,H2,petak,736.6182,0.073662,139.414873,35,-7.184427,107.914298,0.818465,31,689.792969,691.433594,690.520665,1.640625,4.413244,7.717832,landai 3-8%,161.483368,S,3.484413,posisi saja
SWH-01,H3,petak,16924.164364,1.692416,564.822197,78,-7.181247,107.909983,18.804627,758,697.0,699.992188,698.491652,2.992188,1.597125,2.788232,datar 0-3%,126.948284,TG,8.7481,kemiringan (hati-hati)
SWH-17,H4,petak,127.443807,0.012744,45.807247,10,-7.187836,107.906267,0.141604,5,703.902344,704.433594,704.179688,0.53125,1.950574,3.40571,landai 3-8%,224.018431,BD,0.011233,posisi saja
