x_m,y_m,lon,lat,elev_m,lereng_deg,lereng_persen,arah_hadap_deg,akumulasi_sel,tangkapan_ha
-61.64,123.7,115.1370936,-8.3700927,620.54,2.95,5.1,71.5,25,0.056
-66.37,119.01,115.1370507,-8.3701352,621.08,2.77,4.8,88.0,23,0.051
-61.64,119.01,115.1370936,-8.3701352,620.7,2.44,4.3,77.5,24,0.054
-56.91,119.01,115.1371366,-8.3701352,620.43,2.19,3.8,64.7,24,0.054
-52.19,119.01,115.1371795,-8.3701352,620.34,2.09,3.6,51.5,2,0.004
-66.37,114.31,115.1370507,-8.3701776,621.07,2.36,4.1,96.8,22,0.049
-61.64,114.31,115.1370936,-8.3701776,620.87,1.96,3.4,86.6,23,0.051
-56.91,114.31,115.1371366,-8.3701776,620.74,1.67,2.9,73.0,1,0.002
-52.19,114.31,115.1371795,-8.3701776,620.71,1.54,2.7,58.3,24,0.054
-47.46,114.31,115.1372224,-8.3701776,620.76,1.59,2.8,47.5,2,0.004
-71.09,109.62,115.1370078,-8.3702201,621.08,2.55,4.4,108.9,20,0.045
-66.37,109.62,115.1370507,-8.3702201,621.01,2.06,3.6,105.6,21,0.047
-61.64,109.62,115.1370936,-8.3702201,620.97,1.64,2.9,99.9,22,0.049
-56.91,109.62,115.1371366,-8.3702201,620.96,1.29,2.2,91.2,23,0.051
-52.19,109.62,115.1371795,-8.3702201,620.98,1.07,1.9,79.8,1,0.002
-47.46,109.62,115.1372224,-8.3702201,621.01,1.03,1.8,68.9,1,0.002
-42.73,109.62,115.1372653,-8.3702201,621.02,1.18,2.1,63.4,1,0.002
-38.01,109.62,115.1373082,-8.3702201,620.98,1.49,2.6,63.3,1,0.002
-19.1,109.62,115.1374799,-8.3702201,619.96,3.66,6.4,71.3,1,0.002
-14.37,109.62,115.1375228,-8.3702201,619.53,4.22,7.4,72.7,2,0.004
-71.09,104.92,115.1370078,-8.3702625,620.89,2.36,4.1,109.5,19,0.042
-66.37,104.92,115.1370507,-8.3702625,620.89,1.92,3.4,111.1,20,0.045
-61.64,104.92,115.1370936,-8.3702625,620.92,1.55,2.7,113.0,1,0.002
-56.91,104.92,115.1371366,-8.3702625,620.96,1.25,2.2,115.5,1,0.002
-52.19,104.92,115.1371795,-8.3702625,621.01,1.03,1.8,117.8,1,0.002
-47.46,104.92,115.1372224,-8.3702625,621.04,0.94,1.6,117.1,1,0.002
-42.73,104.92,115.1372653,-8.3702625,621.05,0.98,1.7,110.8,1,0.002
-38.01,104.92,115.1373082,-8.3702625,621.01,1.2,2.1,101.3,1,0.002
-33.28,104.92,115.1373511,-8.3702625,620.91,1.6,2.8,92.6,2,0.004
-28.55,104.92,115.137394,-8.3702625,620.75,2.12,3.7,86.3,3,0.007
-23.83,104.92,115.137437,-8.3702625,620.5,2.72,4.8,82.0,4,0.009
-19.1,104.92,115.1374799,-8.3702625,620.18,3.35,5.9,79.3,5,0.011
-14.37,104.92,115.1375228,-8.3702625,619.76,3.97,6.9,77.4,6,0.013
-9.65,104.92,115.1375657,-8.3702625,619.28,4.55,8.0,76.0,7,0.016
-4.92,104.92,115.1376086,-8.3702625,618.76,5.1,8.9,74.9,8,0.018
-0.19,104.92,115.1376515,-8.3702625,618.23,5.62,9.8,73.7,9,0.02
4.53,104.92,115.1376945,-8.3702625,617.73,6.09,10.7,72.3,10,0.022
-75.82,100.22,115.1369649,-8.370305,620.82,2.77,4.8,100.5,16,0.036
-71.09,100.22,115.1370078,-8.370305,620.75,2.29,4.0,104.4,17,0.038
-66.37,100.22,115.1370507,-8.370305,620.73,1.93,3.4,110.4,18,0.04
-61.64,100.22,115.1370936,-8.370305,620.73,1.66,2.9,118.9,21,0.047
-56.91,100.22,115.1371366,-8.370305,620.75,1.5,2.6,129.3,2,0.004
-52.19,100.22,115.1371795,-8.370305,620.8,1.44,2.5,139.3,2,0.004
-47.46,100.22,115.1372224,-8.370305,620.84,1.46,2.5,145.4,2,0.004
-42.73,100.22,115.1372653,-8.370305,620.87,1.51,2.6,145.3,2,0.004
-38.01,100.22,115.1373082,-8.370305,620.87,1.6,2.8,138.8,2,0.004
-33.28,100.22,115.1373511,-8.370305,620.82,1.75,3.1,127.2,1,0.002
-28.55,100.22,115.137394,-8.370305,620.71,2.03,3.5,113.8,1,0.002
-23.83,100.22,115.137437,-8.370305,620.54,2.45,4.3,101.9,1,0.002
-19.1,100.22,115.1374799,-8.370305,620.28,2.98,5.2,92.8,2,0.004
-14.37,100.22,115.1375228,-8.370305,619.93,3.56,6.2,86.2,3,0.007
-9.65,100.22,115.1375657,-8.370305,619.5,4.16,7.3,81.5,4,0.009
-4.92,100.22,115.1376086,-8.370305,619.02,4.73,8.3,78.0,5,0.011
-0.19,100.22,115.1376515,-8.370305,618.52,5.26,9.2,75.1,6,0.013
4.53,100.22,115.1376945,-8.370305,618.03,5.74,10.0,72.5,7,0.016
9.26,100.22,115.1377374,-8.370305,617.53,6.14,10.8,69.9,8,0.018
13.99,100.22,115.1377803,-8.370305,617.02,6.44,11.3,67.3,8,0.018
-80.55,95.53,115.136922,-8.3703474,620.98,3.39,5.9,88.4,14,0.031
-75.82,95.53,115.1369649,-8.3703474,620.83,2.83,4.9,90.2,15,0.034
-71.09,95.53,115.1370078,-8.3703474,620.7,2.4,4.2,95.2,16,0.036
-66.37,95.53,115.1370507,-8.3703474,620.58,2.09,3.6,103.9,17,0.038
-61.64,95.53,115.1370936,-8.3703474,620.49,1.9,3.3,116.3,19,0.042
-56.91,95.53,115.1371366,-8.3703474,620.44,1.86,3.2,130.5,22,0.049
-52.19,95.53,115.1371795,-8.3703474,620.45,1.95,3.4,143.3,3,0.007
-47.46,95.53,115.1372224,-8.3703474,620.5,2.1,3.7,152.0,3,0.007
-42.73,95.53,115.1372653,-8.3703474,620.55,2.25,3.9,155.9,3,0.007
-38.01,95.53,115.1373082,-8.3703474,620.6,2.35,4.1,155.0,3,0.007
-33.28,95.53,115.1373511,-8.3703474,620.61,2.39,4.2,149.5,3,0.007
-28.55,95.53,115.137394,-8.3703474,620.56,2.42,4.2,139.7,2,0.004
-23.83,95.53,115.137437,-8.3703474,620.45,2.53,4.4,126.8,2,0.004
-19.1,95.53,115.1374799,-8.3703474,620.26,2.78,4.9,113.3,1,0.002
-14.37,95.53,115.1375228,-8.3703474,620.0,3.18,5.6,101.4,2,0.004
-9.65,95.53,115.1375657,-8.3703474,619.66,3.67,6.4,92.0,3,0.007
-4.92,95.53,115.1376086,-8.3703474,619.27,4.2,7.3,84.9,4,0.009
-0.19,95.53,115.1376515,-8.3703474,618.82,4.73,8.3,79.3,5,0.011
4.53,95.53,115.1376945,-8.3703474,618.35,5.23,9.2,74.7,6,0.013
9.26,95.53,115.1377374,-8.3703474,617.84,5.67,9.9,70.8,7,0.016
13.99,95.53,115.1377803,-8.3703474,617.3,6.01,10.5,67.3,6,0.013
18.71,95.53,115.1378232,-8.3703474,616.73,6.21,10.9,63.7,6,0.013
23.44,95.53,115.1378661,-8.3703474,616.12,6.21,10.9,59.8,3,0.007
-80.55,90.83,115.136922,-8.3703899,621.14,3.53,6.2,78.9,16,0.036
-75.82,90.83,115.1369649,-8.3703899,620.95,3.08,5.4,80.5,17,0.038
-71.09,90.83,115.1370078,-8.3703899,620.73,2.72,4.7,85.9,18,0.04
-66.37,90.83,115.1370507,-8.3703899,620.5,2.44,4.3,95.6,19,0.042
-61.64,90.83,115.1370936,-8.3703899,620.29,2.29,4.0,109.2,37,0.083
-56.91,90.83,115.1371366,-8.3703899,620.15,2.29,4.0,124.8,20,0.045
-52.19,90.83,115.1371795,-8.3703899,620.09,2.44,4.3,139.4,23,0.051
-47.46,90.83,115.1372224,-8.3703899,620.1,2.69,4.7,150.5,4,0.009
-42.73,90.83,115.1372653,-8.3703899,620.16,2.95,5.1,157.4,4,0.009
-38.01,90.83,115.1373082,-8.3703899,620.23,3.13,5.5,160.4,7,0.016
-33.28,90.83,115.1373511,-8.3703899,620.27,3.21,5.6,159.7,1,0.002
-28.55,90.83,115.137394,-8.3703899,620.28,3.17,5.5,155.6,4,0.009
-23.83,90.83,115.137437,-8.3703899,620.24,3.08,5.4,147.7,3,0.007
-19.1,90.83,115.1374799,-8.3703899,620.14,3.03,5.3,136.4,3,0.007
-14.37,90.83,115.1375228,-8.3703899,619.97,3.09,5.4,123.0,1,0.002
-9.65,90.83,115.1375657,-8.3703899,619.73,3.3,5.8,109.5,1,0.002
-4.92,90.83,115.1376086,-8.3703899,619.42,3.65,6.4,97.6,2,0.004
-0.19,90.83,115.1376515,-8.3703899,619.04,4.09,7.1,87.9,3,0.007
4.53,90.83,115.1376945,-8.3703899,618.61,4.56,8.0,80.1,4,0.009
9.26,90.83,115.1377374,-8.3703899,618.11,5.03,8.8,73.7,5,0.011
13.99,90.83,115.1377803,-8.3703899,617.57,5.43,9.5,68.4,5,0.011
18.71,90.83,115.1378232,-8.3703899,616.99,5.72,10.0,63.7,2,0.004
23.44,90.83,115.1378661,-8.3703899,616.38,5.84,10.2,59.2,5,0.011
28.17,90.83,115.137909,-8.3703899,615.78,5.75,10.1,54.6,5,0.011
32.9,90.83,115.1379519,-8.3703899,615.26,5.44,9.5,49.6,4,0.009
37.62,90.83,115.1379949,-8.3703899,614.88,4.93,8.6,44.0,6,0.013
42.35,90.83,115.1380378,-8.3703899,614.68,4.28,7.5,37.6,5,0.011
-85.27,86.14,115.1368791,-8.3704324,621.6,4.12,7.2,73.3,22,0.049
-80.55,86.14,115.136922,-8.3704324,621.38,3.75,6.6,72.2,23,0.051
-75.82,86.14,115.1369649,-8.3704324,621.15,3.44,6.0,74.2,24,0.054
-71.09,86.14,115.1370078,-8.3704324,620.86,3.18,5.6,79.9,25,0.056
-66.37,86.14,115.1370507,-8.3704324,620.55,2.97,5.2,89.4,26,0.058
-61.64,86.14,115.1370936,-8.3704324,620.24,2.84,5.0,102.3,27,0.06
-56.91,86.14,115.1371366,-8.3704324,619.99,2.83,4.9,117.3,38,0.085
-52.19,86.14,115.1371795,-8.3704324,619.83,2.98,5.2,132.5,21,0.047
-47.46,86.14,115.1372224,-8.3704324,619.76,3.25,5.7,145.3,24,0.054
-42.73,86.14,115.1372653,-8.3704324,619.75,3.58,6.3,154.7,5,0.011
-38.01,86.14,115.1373082,-8.3704324,619.79,3.86,6.8,160.7,12,0.027
-33.28,86.14,115.1373511,-8.3704324,619.85,4.04,7.1,163.5,2,0.004
-28.55,86.14,115.137394,-8.3704324,619.91,4.06,7.1,163.4,5,0.011
-23.83,86.14,115.137437,-8.3704324,619.94,3.94,6.9,160.3,1,0.002
-19.1,86.14,115.1374799,-8.3704324,619.91,3.73,6.5,154.1,4,0.009
-14.37,86.14,115.1375228,-8.3704324,619.82,3.5,6.1,144.7,4,0.009
-9.65,86.14,115.1375657,-8.3704324,619.64,3.34,5.8,132.1,2,0.004
-4.92,86.14,115.1376086,-8.3704324,619.4,3.32,5.8,117.6,1,0.002
-0.19,86.14,115.1376515,-8.3704324,619.09,3.47,6.1,103.1,2,0.004
4.53,86.14,115.1376945,-8.3704324,618.71,3.79,6.6,90.2,3,0.007
9.26,86.14,115.1377374,-8.3704324,618.29,4.22,7.4,79.6,4,0.009
13.99,86.14,115.1377803,-8.3704324,617.8,4.67,8.2,71.3,1,0.002
18.71,86.14,115.1378232,-8.3704324,617.28,5.07,8.9,64.6,4,0.009
23.44,86.14,115.1378661,-8.3704324,616.71,5.34,9.3,59.2,4,0.009
28.17,86.14,115.137909,-8.3704324,616.16,5.41,9.5,54.4,3,0.007
32.9,86.14,115.1379519,-8.3704324,615.66,5.26,9.2,50.0,5,0.011
37.62,86.14,115.1379949,-8.3704324,615.27,4.89,8.6,45.9,4,0.009
42.35,86.14,115.1380378,-8.3704324,615.04,4.32,7.5,42.0,5,0.011
47.08,86.14,115.1380807,-8.3704324,614.96,3.6,6.3,38.7,5,0.011
51.8,86.14,115.1381236,-8.3704324,614.97,2.82,4.9,36.7,5,0.011
56.53,86.14,115.1381665,-8.3704324,615.02,2.05,3.6,38.1,5,0.011
61.26,86.14,115.1382094,-8.3704324,615.07,1.38,2.4,48.0,1,0.002
65.98,86.14,115.1382524,-8.3704324,615.09,1.01,1.8,76.6,1,0.002
70.71,86.14,115.1382953,-8.3704324,615.05,1.19,2.1,110.2,1,0.002
75.44,86.14,115.1383382,-8.3704324,614.94,1.71,3.0,125.4,2,0.004
80.16,86.14,115.1383811,-8.3704324,614.75,2.3,4.0,130.2,2,0.004
84.89,86.14,115.138424,-8.3704324,614.5,2.85,5.0,131.1,2,0.004
89.62,86.14,115.1384669,-8.3704324,614.21,3.32,5.8,130.2,3,0.007
94.34,86.14,115.1385098,-8.3704324,613.95,3.7,6.5,128.0,3,0.007
99.07,86.14,115.1385528,-8.3704324,613.73,3.99,7.0,124.6,3,0.007
103.8,86.14,115.1385957,-8.3704324,613.54,4.23,7.4,119.8,3,0.007
-85.27,81.44,115.1368791,-8.3704748,621.91,4.16,7.3,69.4,23,0.051
-80.55,81.44,115.136922,-8.3704748,621.68,3.97,6.9,69.0,24,0.054
-75.82,81.44,115.1369649,-8.3704748,621.41,3.82,6.7,71.9,25,0.056
-71.09,81.44,115.1370078,-8.3704748,621.09,3.7,6.5,77.9,26,0.058
-66.37,81.44,115.1370507,-8.3704748,620.72,3.6,6.3,86.8,27,0.06
-61.64,81.44,115.1370936,-8.3704748,620.34,3.53,6.2,98.1,28,0.063
-56.91,81.44,115.1371366,-8.3704748,619.99,3.53,6.2,111.4,56,0.125
-52.19,81.44,115.1371795,-8.3704748,619.71,3.64,6.4,125.5,39,0.087
-47.46,81.44,115.1372224,-8.3704748,619.5,3.88,6.8,138.9,22,0.049
-42.73,81.44,115.1372653,-8.3704748,619.37,4.21,7.4,150.0,25,0.056
-38.01,81.44,115.1373082,-8.3704748,619.32,4.56,8.0,158.3,18,0.04
-33.28,81.44,115.1373511,-8.3704748,619.36,4.83,8.5,163.7,3,0.007
-28.55,81.44,115.137394,-8.3704748,619.44,4.96,8.7,166.6,6,0.013
-23.83,81.44,115.137437,-8.3704748,619.53,4.92,8.6,166.9,2,0.004
-19.1,81.44,115.1374799,-8.3704748,619.57,4.7,8.2,164.9,5,0.011
-14.37,81.44,115.1375228,-8.3704748,619.53,4.34,7.6,160.3,1,0.002
-9.65,81.44,115.1375657,-8.3704748,619.39,3.89,6.8,152.6,5,0.011
-4.92,81.44,115.1376086,-8.3704748,619.19,3.46,6.0,141.2,3,0.007
-0.19,81.44,115.1376515,-8.3704748,618.94,3.16,5.5,125.9,1,0.002
4.53,81.44,115.1376945,-8.3704748,618.65,3.1,5.4,108.0,1,0.002
9.26,81.44,115.1377374,-8.3704748,618.33,3.32,5.8,90.9,2,0.004
13.99,81.44,115.1377803,-8.3704748,617.98,3.74,6.5,77.3,3,0.007
18.71,81.44,115.1378232,-8.3704748,617.57,4.22,7.4,67.5,3,0.007
23.44,81.44,115.1378661,-8.3704748,617.12,4.65,8.1,60.4,2,0.004
28.17,81.44,115.137909,-8.3704748,616.65,4.92,8.6,55.3,4,0.009
32.9,81.44,115.1379519,-8.3704748,616.2,4.97,8.7,51.6,3,0.007
37.62,81.44,115.1379949,-8.3704748,615.8,4.78,8.4,49.0,4,0.009
42.35,81.44,115.1380378,-8.3704748,615.52,4.35,7.6,47.6,4,0.009
47.08,81.44,115.1380807,-8.3704748,615.32,3.73,6.5,47.7,4,0.009
51.8,81.44,115.1381236,-8.3704748,615.19,3.02,5.3,50.3,4,0.009
56.53,81.44,115.1381665,-8.3704748,615.09,2.32,4.1,57.7,1,0.002
61.26,81.44,115.1382094,-8.3704748,615.02,1.81,3.2,72.9,2,0.004
65.98,81.44,115.1382524,-8.3704748,614.93,1.66,2.9,95.3,3,0.007
70.71,81.44,115.1382953,-8.3704748,614.81,1.89,3.3,114.3,2,0.004
75.44,81.44,115.1383382,-8.3704748,614.66,2.33,4.1,124.6,2,0.004
80.16,81.44,115.1383811,-8.3704748,614.45,2.81,4.9,129.2,3,0.007
84.89,81.44,115.138424,-8.3704748,614.2,3.26,5.7,130.9,3,0.007
89.62,81.44,115.1384669,-8.3704748,613.94,3.63,6.3,131.2,3,0.007
94.34,81.44,115.1385098,-8.3704748,613.69,3.91,6.8,130.4,4,0.009
99.07,81.44,115.1385528,-8.3704748,613.48,4.11,7.2,128.4,4,0.009
103.8,81.44,115.1385957,-8.3704748,613.29,4.25,7.4,125.2,4,0.009
108.52,81.44,115.1386386,-8.3704748,613.07,4.33,7.6,120.6,4,0.009
113.25,81.44,115.1386815,-8.3704748,612.8,4.38,7.7,114.8,1,0.002
117.98,81.44,115.1387244,-8.3704748,612.43,4.39,7.7,108.2,2,0.004
-90.0,76.75,115.1368361,-8.3705173,622.46,4.25,7.4,70.6,11,0.025
-85.27,76.75,115.1368791,-8.3705173,622.23,4.14,7.2,68.6,12,0.027
-80.55,76.75,115.136922,-8.3705173,621.99,4.11,7.2,69.4,13,0.029
-75.82,76.75,115.1369649,-8.3705173,621.7,4.14,7.2,73.1,14,0.031
-71.09,76.75,115.1370078,-8.3705173,621.35,4.19,7.3,79.3,15,0.034
-66.37,76.75,115.1370507,-8.3705173,620.95,4.25,7.4,87.4,16,0.036
-61.64,76.75,115.1370936,-8.3705173,620.51,4.29,7.5,97.1,17,0.038
-56.91,76.75,115.1371366,-8.3705173,620.07,4.34,7.6,108.2,18,0.04
-52.19,76.75,115.1371795,-8.3705173,619.65,4.44,7.8,120.4,57,0.127
-47.46,76.75,115.1372224,-8.3705173,619.29,4.62,8.1,132.9,40,0.089
-42.73,76.75,115.1372653,-8.3705173,619.0,4.9,8.6,144.6,23,0.051
-38.01,76.75,115.1373082,-8.3705173,618.84,5.25,9.2,154.4,26,0.058
-33.28,76.75,115.1373511,-8.3705173,618.81,5.59,9.8,161.8,22,0.049
-28.55,76.75,115.137394,-8.3705173,618.89,5.82,10.2,167.0,7,0.016
-23.83,76.75,115.137437,-8.3705173,619.0,5.88,10.3,169.9,3,0.007
-19.1,76.75,115.1374799,-8.3705173,619.09,5.73,10.0,170.8,6,0.013
-14.37,76.75,115.1375228,-8.3705173,619.08,5.35,9.4,169.9,2,0.004
-9.65,76.75,115.1375657,-8.3705173,618.98,4.79,8.4,166.9,6,0.013
-4.92,76.75,115.1376086,-8.3705173,618.82,4.1,7.2,161.0,1,0.002
-0.19,76.75,115.1376515,-8.3705173,618.64,3.4,5.9,151.0,4,0.009
4.53,76.75,115.1376945,-8.3705173,618.46,2.82,4.9,134.9,2,0.004
9.26,76.75,115.1377374,-8.3705173,618.27,2.57,4.5,112.7,1,0.002
13.99,76.75,115.1377803,-8.3705173,618.07,2.75,4.8,90.4,2,0.004
18.71,76.75,115.1378232,-8.3705173,617.82,3.23,5.6,74.3,1,0.002
23.44,76.75,115.1378661,-8.3705173,617.52,3.78,6.6,64.3,3,0.007
28.17,76.75,115.137909,-8.3705173,617.16,4.24,7.4,58.4,2,0.004
32.9,76.75,115.1379519,-8.3705173,616.77,4.51,7.9,55.2,3,0.007
37.62,76.75,115.1379949,-8.3705173,616.39,4.54,7.9,53.9,3,0.007
42.35,76.75,115.1380378,-8.3705173,616.02,4.32,7.6,54.5,3,0.007
47.08,76.75,115.1380807,-8.3705173,615.68,3.89,6.8,57.0,3,0.007
51.8,76.75,115.1381236,-8.3705173,615.38,3.35,5.8,62.1,1,0.002
56.53,76.75,115.1381665,-8.3705173,615.12,2.81,4.9,71.0,2,0.004
61.26,76.75,115.1382094,-8.3705173,614.9,2.43,4.3,84.2,3,0.007
65.98,76.75,115.1382524,-8.3705173,614.72,2.33,4.1,99.7,4,0.009
70.71,76.75,115.1382953,-8.3705173,614.55,2.48,4.3,112.8,4,0.009
75.44,76.75,115.1383382,-8.3705173,614.37,2.8,4.9,121.3,3,0.007
80.16,76.75,115.1383811,-8.3705173,614.16,3.18,5.6,126.1,3,0.007
84.89,76.75,115.138424,-8.3705173,613.93,3.54,6.2,128.7,4,0.009
89.62,76.75,115.1384669,-8.3705173,613.68,3.84,6.7,130.1,4,0.009
94.34,76.75,115.1385098,-8.3705173,613.45,4.06,7.1,130.6,4,0.009
99.07,76.75,115.1385528,-8.3705173,613.23,4.19,7.3,130.2,5,0.011
103.8,76.75,115.1385957,-8.3705173,613.03,4.25,7.4,128.6,5,0.011
108.52,76.75,115.1386386,-8.3705173,612.8,4.24,7.4,125.5,5,0.011
113.25,76.75,115.1386815,-8.3705173,612.54,4.18,7.3,120.9,5,0.011
117.98,76.75,115.1387244,-8.3705173,612.2,4.1,7.2,115.0,1,0.002
122.7,76.75,115.1387673,-8.3705173,611.82,4.0,7.0,108.4,2,0.004
127.43,76.75,115.1388102,-8.3705173,611.43,3.9,6.8,101.9,3,0.007
-94.73,72.05,115.1367932,-8.3705597,622.93,4.2,7.3,74.9,27,0.06
-90.0,72.05,115.1368361,-8.3705597,622.73,4.07,7.1,71.9,28,0.063
-85.27,72.05,115.1368791,-8.3705597,622.52,4.08,7.1,71.0,29,0.065
-80.55,72.05,115.136922,-8.3705597,622.26,4.2,7.3,72.9,30,0.067
-75.82,72.05,115.1369649,-8.3705597,621.96,4.4,7.7,77.2,31,0.069
-71.09,72.05,115.1370078,-8.3705597,621.59,4.65,8.1,83.1,32,0.071
-66.37,72.05,115.1370507,-8.3705597,621.15,4.89,8.6,90.2,33,0.074
-61.64,72.05,115.1370936,-8.3705597,620.66,5.09,8.9,98.2,34,0.076
-56.91,72.05,115.1371366,-8.3705597,620.14,5.23,9.1,107.2,35,0.078
-52.19,72.05,115.1371795,-8.3705597,619.6,5.34,9.3,117.3,19,0.042
-47.46,72.05,115.1372224,-8.3705597,619.08,5.47,9.6,128.3,58,0.13
-42.73,72.05,115.1372653,-8.3705597,618.64,5.67,9.9,139.4,41,0.092
-38.01,72.05,115.1373082,-8.3705597,618.34,5.97,10.5,149.8,24,0.054
-33.28,72.05,115.1373511,-8.3705597,618.22,6.3,11.0,158.7,49,0.109
-28.55,72.05,115.137394,-8.3705597,618.25,6.59,11.6,165.6,8,0.018
-23.83,72.05,115.137437,-8.3705597,618.35,6.74,11.8,170.7,4,0.009
-19.1,72.05,115.1374799,-8.3705597,618.45,6.68,11.7,174.0,7,0.016
-14.37,72.05,115.1375228,-8.3705597,618.47,6.35,11.1,175.8,3,0.007
-9.65,72.05,115.1375657,-8.3705597,618.42,5.78,10.1,176.1,7,0.016
-4.92,72.05,115.1376086,-8.3705597,618.34,5.01,8.8,174.6,2,0.004
-0.19,72.05,115.1376515,-8.3705597,618.25,4.11,7.2,170.6,5,0.011
4.53,72.05,115.1376945,-8.3705597,618.18,3.19,5.6,162.3,1,0.002
9.26,72.05,115.1377374,-8.3705597,618.14,2.41,4.2,145.9,3,0.007
13.99,72.05,115.1377803,-8.3705597,618.08,2.04,3.6,118.9,1,0.002
18.71,72.05,115.1378232,-8.3705597,617.98,2.24,3.9,91.1,2,0.004
23.44,72.05,115.1378661,-8.3705597,617.82,2.8,4.9,74.0,1,0.002
28.17,72.05,115.137909,-8.3705597,617.58,3.41,6.0,65.6,2,0.004
32.9,72.05,115.1379519,-8.3705597,617.27,3.9,6.8,62.0,2,0.004
37.62,72.05,115.1379949,-8.3705597,616.89,4.18,7.3,61.4,2,0.004
42.35,72.05,115.1380378,-8.3705597,616.46,4.22,7.4,63.0,2,0.004
47.08,72.05,115.1380807,-8.3705597,615.99,4.04,7.1,66.4,1,0.002
51.8,72.05,115.1381236,-8.3705597,615.53,3.71,6.5,71.9,2,0.004
56.53,72.05,115.1381665,-8.3705597,615.12,3.34,5.8,79.7,3,0.007
61.26,72.05,115.1382094,-8.3705597,614.79,3.04,5.3,89.6,4,0.009
65.98,72.05,115.1382524,-8.3705597,614.54,2.91,5.1,100.5,5,0.011
70.71,72.05,115.1382953,-8.3705597,614.33,2.98,5.2,110.3,10,0.022
75.44,72.05,115.1383382,-8.3705597,614.14,3.19,5.6,117.5,5,0.011
80.16,72.05,115.1383811,-8.3705597,613.93,3.47,6.1,122.2,4,0.009
84.89,72.05,115.138424,-8.3705597,613.7,3.76,6.6,125.5,4,0.009
89.62,72.05,115.1384669,-8.3705597,613.46,4.0,7.0,127.8,5,0.011
94.34,72.05,115.1385098,-8.3705597,613.21,4.17,7.3,129.5,5,0.011
99.07,72.05,115.1385528,-8.3705597,612.98,4.24,7.4,130.5,5,0.011
103.8,72.05,115.1385957,-8.3705597,612.75,4.23,7.4,130.4,6,0.013
108.52,72.05,115.1386386,-8.3705597,612.5,4.14,7.2,128.9,6,0.013
113.25,72.05,115.1386815,-8.3705597,612.25,4.0,7.0,125.7,6,0.013
117.98,72.05,115.1387244,-8.3705597,611.96,3.84,6.7,120.8,6,0.013
122.7,72.05,115.1387673,-8.3705597,611.66,3.7,6.5,114.8,1,0.002
127.43,72.05,115.1388102,-8.3705597,611.36,3.61,6.3,108.6,2,0.004
-94.73,67.35,115.1367932,-8.3706022,623.09,3.97,6.9,77.6,9,0.02
-90.0,67.35,115.1368361,-8.3706022,622.91,3.9,6.8,75.9,10,0.022
-85.27,67.35,115.1368791,-8.3706022,622.71,4.01,7.0,76.2,11,0.025
-80.55,67.35,115.136922,-8.3706022,622.46,4.28,7.5,78.9,12,0.027
-75.82,67.35,115.1369649,-8.3706022,622.14,4.66,8.2,83.1,13,0.029
-71.09,67.35,115.1370078,-8.3706022,621.74,5.11,8.9,88.4,14,0.031
-66.37,67.35,115.1370507,-8.3706022,621.25,5.54,9.7,94.2,15,0.034
-61.64,67.35,115.1370936,-8.3706022,620.7,5.89,10.3,100.6,16,0.036
-56.91,67.35,115.1371366,-8.3706022,620.1,6.13,10.7,107.7,17,0.038
-52.19,67.35,115.1371795,-8.3706022,619.46,6.28,11.0,115.8,36,0.08
-47.46,67.35,115.1372224,-8.3706022,618.84,6.38,11.2,124.9,20,0.045
-42.73,67.35,115.1372653,-8.3706022,618.29,6.51,11.4,134.9,59,0.132
-38.01,67.35,115.1373082,-8.3706022,617.86,6.7,11.8,145.1,42,0.094
-33.28,67.35,115.1373511,-8.3706022,617.62,6.97,12.2,154.8,74,0.165
-28.55,67.35,115.137394,-8.3706022,617.53,7.24,12.7,163.2,9,0.02
-23.83,67.35,115.137437,-8.3706022,617.55,7.43,13.0,170.1,5,0.011
-19.1,67.35,115.1374799,-8.3706022,617.61,7.43,13.0,175.5,8,0.018
-14.37,67.35,115.1375228,-8.3706022,617.67,7.2,12.6,179.5,4,0.009
-9.65,67.35,115.1375657,-8.3706022,617.72,6.7,11.7,182.3,8,0.018
-4.92,67.35,115.1376086,-8.3706022,617.77,5.97,10.5,183.7,3,0.007
-0.19,67.35,115.1376515,-8.3706022,617.82,5.06,8.9,183.5,6,0.013
4.53,67.35,115.1376945,-8.3706022,617.88,4.05,7.1,180.9,2,0.004
9.26,67.35,115.1377374,-8.3706022,617.95,3.04,5.3,174.0,4,0.009
13.99,67.35,115.1377803,-8.3706022,618.0,2.17,3.8,158.4,1,0.002
18.71,67.35,115.1378232,-8.3706022,618.01,1.73,3.0,128.6,1,0.002
23.44,67.35,115.1378661,-8.3706022,617.95,1.97,3.4,97.3,1,0.002
28.17,67.35,115.137909,-8.3706022,617.81,2.59,4.5,80.6,1,0.002
32.9,67.35,115.1379519,-8.3706022,617.57,3.25,5.7,73.9,1,0.002
37.62,67.35,115.1379949,-8.3706022,617.23,3.77,6.6,72.2,1,0.002
42.35,67.35,115.1380378,-8.3706022,616.75,4.08,7.1,73.2,1,0.002
47.08,67.35,115.1380807,-8.3706022,616.2,4.15,7.3,76.1,2,0.004
51.8,67.35,115.1381236,-8.3706022,615.63,4.03,7.0,80.5,3,0.007
56.53,67.35,115.1381665,-8.3706022,615.12,3.8,6.6,86.3,4,0.009
61.26,67.35,115.1382094,-8.3706022,614.73,3.55,6.2,93.4,5,0.011
65.98,67.35,115.1382524,-8.3706022,614.45,3.4,5.9,101.2,6,0.013
70.71,67.35,115.1382953,-8.3706022,614.23,3.4,5.9,108.5,7,0.016
75.44,67.35,115.1383382,-8.3706022,614.04,3.53,6.2,114.4,11,0.025
80.16,67.35,115.1383811,-8.3706022,613.81,3.75,6.5,118.9,6,0.013
84.89,67.35,115.138424,-8.3706022,613.55,3.98,7.0,122.3,5,0.011
89.62,67.35,115.1384669,-8.3706022,613.27,4.17,7.3,125.2,5,0.011
94.34,67.35,115.1385098,-8.3706022,612.98,4.28,7.5,127.8,6,0.013
99.07,67.35,115.1385528,-8.3706022,612.7,4.3,7.5,129.9,6,0.013
103.8,67.35,115.1385957,-8.3706022,612.43,4.22,7.4,131.3,6,0.013
108.52,67.35,115.1386386,-8.3706022,612.18,4.06,7.1,131.4,7,0.016
113.25,67.35,115.1386815,-8.3706022,611.95,3.85,6.7,129.8,7,0.016
117.98,67.35,115.1387244,-8.3706022,611.74,3.64,6.4,126.2,7,0.016
122.7,67.35,115.1387673,-8.3706022,611.54,3.48,6.1,121.0,7,0.016
127.43,67.35,115.1388102,-8.3706022,611.34,3.41,6.0,115.3,1,0.002
132.16,67.35,115.1388532,-8.3706022,611.11,3.43,6.0,110.5,1,0.002
-99.45,62.66,115.1367503,-8.3706446,623.27,4.0,7.0,84.0,22,0.049
-94.73,62.66,115.1367932,-8.3706446,623.13,3.81,6.7,82.2,23,0.051
-90.0,62.66,115.1368361,-8.3706446,622.99,3.8,6.7,81.8,24,0.054
-85.27,62.66,115.1368791,-8.3706446,622.81,4.01,7.0,83.1,25,0.056
-80.55,62.66,115.136922,-8.3706446,622.57,4.42,7.7,86.0,26,0.058
-75.82,62.66,115.1369649,-8.3706446,622.24,4.97,8.7,89.7,27,0.06
-71.09,62.66,115.1370078,-8.3706446,621.79,5.59,9.8,93.9,28,0.063
-66.37,62.66,115.1370507,-8.3706446,621.23,6.18,10.8,98.4,29,0.065
-61.64,62.66,115.1370936,-8.3706446,620.6,6.66,11.7,103.2,30,0.067
-56.91,62.66,115.1371366,-8.3706446,619.92,7.0,12.3,108.7,31,0.069
-52.19,62.66,115.1371795,-8.3706446,619.23,7.2,12.6,115.1,18,0.04
-47.46,62.66,115.1372224,-8.3706446,618.55,7.29,12.8,122.5,37,0.083
-42.73,62.66,115.1372653,-8.3706446,617.92,7.34,12.9,131.2,21,0.047
-38.01,62.66,115.1373082,-8.3706446,617.39,7.42,13.0,140.6,60,0.134
-33.28,62.66,115.1373511,-8.3706446,617.0,7.55,13.3,150.4,43,0.096
-28.55,62.66,115.137394,-8.3706446,616.75,7.73,13.6,159.9,84,0.188
-23.83,62.66,115.137437,-8.3706446,616.62,7.88,13.8,168.5,6,0.013
-19.1,62.66,115.1374799,-8.3706446,616.62,7.93,13.9,175.8,9,0.02
-14.37,62.66,115.1375228,-8.3706446,616.72,7.79,13.7,181.9,5,0.011
-9.65,62.66,115.1375657,-8.3706446,616.91,7.42,13.0,186.6,9,0.02
-4.92,62.66,115.1376086,-8.3706446,617.14,6.82,12.0,190.0,4,0.009
-0.19,62.66,115.1376515,-8.3706446,617.37,6.02,10.5,191.9,7,0.016
4.53,62.66,115.1376945,-8.3706446,617.56,5.07,8.9,192.1,3,0.007
9.26,62.66,115.1377374,-8.3706446,617.71,4.05,7.1,189.7,5,0.011
13.99,62.66,115.1377803,-8.3706446,617.81,3.05,5.3,183.0,2,0.004
18.71,62.66,115.1378232,-8.3706446,617.87,2.2,3.8,167.5,1,0.002
23.44,62.66,115.1378661,-8.3706446,617.88,1.79,3.1,138.2,2,0.004
28.17,62.66,115.137909,-8.3706446,617.82,2.06,3.6,108.4,1,0.002
32.9,62.66,115.1379519,-8.3706446,617.65,2.72,4.8,92.6,2,0.004
37.62,62.66,115.1379949,-8.3706446,617.34,3.4,5.9,86.5,3,0.007
42.35,62.66,115.1380378,-8.3706446,616.87,3.93,6.9,85.0,4,0.009
47.08,62.66,115.1380807,-8.3706446,616.28,4.23,7.4,86.0,5,0.011
51.8,62.66,115.1381236,-8.3706446,615.67,4.28,7.5,88.6,6,0.013
56.53,62.66,115.1381665,-8.3706446,615.12,4.16,7.3,92.6,7,0.016
61.26,62.66,115.1382094,-8.3706446,614.72,3.98,7.0,97.6,8,0.018
65.98,62.66,115.1382524,-8.3706446,614.46,3.83,6.7,103.3,9,0.02
70.71,62.66,115.1382953,-8.3706446,614.26,3.79,6.6,108.8,10,0.022
75.44,62.66,115.1383382,-8.3706446,614.06,3.88,6.8,113.6,8,0.018
80.16,62.66,115.1383811,-8.3706446,613.79,4.06,7.1,117.4,12,0.027
84.89,62.66,115.138424,-8.3706446,613.46,4.24,7.4,120.6,7,0.016
89.62,62.66,115.1384669,-8.3706446,613.09,4.38,7.7,123.5,6,0.013
94.34,62.66,115.1385098,-8.3706446,612.73,4.43,7.8,126.4,6,0.013
99.07,62.66,115.1385528,-8.3706446,612.39,4.37,7.6,129.2,7,0.016
103.8,62.66,115.1385957,-8.3706446,612.09,4.22,7.4,131.8,7,0.016
108.52,62.66,115.1386386,-8.3706446,611.84,3.99,7.0,133.4,7,0.016
113.25,62.66,115.1386815,-8.3706446,611.66,3.74,6.5,133.5,8,0.018
117.98,62.66,115.1387244,-8.3706446,611.54,3.51,6.1,131.6,8,0.018
122.7,62.66,115.1387673,-8.3706446,611.45,3.37,5.9,127.5,8,0.018
127.43,62.66,115.1388102,-8.3706446,611.34,3.35,5.9,122.4,8,0.018
132.16,62.66,115.1388532,-8.3706446,611.18,3.46,6.0,117.8,2,0.004
136.88,62.66,115.1388961,-8.3706446,610.92,3.64,6.4,115.0,1,0.002
-99.45,57.96,115.1367503,-8.3706871,623.24,3.88,6.8,88.1,7,0.016
-94.73,57.96,115.1367932,-8.3706871,623.11,3.75,6.6,87.5,8,0.018
-90.0,57.96,115.1368361,-8.3706871,622.98,3.82,6.7,88.2,9,0.02
-85.27,57.96,115.1368791,-8.3706871,622.83,4.13,7.2,90.2,10,0.022
-80.55,57.96,115.136922,-8.3706871,622.59,4.66,8.1,92.9,11,0.025
-75.82,57.96,115.1369649,-8.3706871,622.25,5.35,9.4,95.8,12,0.027
-71.09,57.96,115.1370078,-8.3706871,621.75,6.1,10.7,98.9,13,0.029
-66.37,57.96,115.1370507,-8.3706871,621.12,6.81,11.9,102.0,14,0.031
-61.64,57.96,115.1370936,-8.3706871,620.41,7.39,13.0,105.6,15,0.034
-56.91,57.96,115.1371366,-8.3706871,619.66,7.81,13.7,109.7,16,0.036
-52.19,57.96,115.1371795,-8.3706871,618.92,8.04,14.1,114.6,32,0.071
-47.46,57.96,115.1372224,-8.3706871,618.21,8.13,14.3,120.6,19,0.042
-42.73,57.96,115.1372653,-8.3706871,617.55,8.12,14.3,127.9,38,0.085
-38.01,57.96,115.1373082,-8.3706871,616.93,8.06,14.2,136.4,22,0.049
-33.28,57.96,115.1373511,-8.3706871,616.39,8.02,14.1,145.9,61,0.136
-28.55,57.96,115.137394,-8.3706871,615.95,8.02,14.1,156.1,128,0.286
-23.83,57.96,115.137437,-8.3706871,615.65,8.07,14.2,166.1,7,0.016
-19.1,57.96,115.1374799,-8.3706871,615.56,8.11,14.2,175.4,10,0.022
-14.37,57.96,115.1375228,-8.3706871,615.7,8.06,14.2,183.4,6,0.013
-9.65,57.96,115.1375657,-8.3706871,616.03,7.87,13.8,189.9,10,0.022
-4.92,57.96,115.1376086,-8.3706871,616.45,7.46,13.1,194.6,5,0.011
-0.19,57.96,115.1376515,-8.3706871,616.86,6.84,12.0,197.7,8,0.018
4.53,57.96,115.1376945,-8.3706871,617.18,6.04,10.6,199.0,4,0.009
9.26,57.96,115.1377374,-8.3706871,617.39,5.12,9.0,198.2,6,0.013
13.99,57.96,115.1377803,-8.3706871,617.52,4.14,7.2,194.7,3,0.007
18.71,57.96,115.1378232,-8.3706871,617.6,3.19,5.6,186.4,2,0.004
23.44,57.96,115.1378661,-8.3706871,617.65,2.44,4.3,169.3,1,0.002
28.17,57.96,115.137909,-8.3706871,617.65,2.18,3.8,141.9,3,0.007
32.9,57.96,115.1379519,-8.3706871,617.55,2.54,4.4,117.2,1,0.002
37.62,57.96,115.1379949,-8.3706871,617.3,3.21,5.6,103.8,1,0.002
42.35,57.96,115.1380378,-8.3706871,616.86,3.85,6.7,98.1,2,0.004
47.08,57.96,115.1380807,-8.3706871,616.28,4.3,7.5,96.4,3,0.007
51.8,57.96,115.1381236,-8.3706871,615.67,4.49,7.9,97.2,4,0.009
56.53,57.96,115.1381665,-8.3706871,615.12,4.48,7.8,99.6,5,0.011
61.26,57.96,115.1382094,-8.3706871,614.75,4.35,7.6,103.3,6,0.013
65.98,57.96,115.1382524,-8.3706871,614.51,4.24,7.4,107.7,7,0.016
70.71,57.96,115.1382953,-8.3706871,614.33,4.2,7.3,112.0,1,0.002
75.44,57.96,115.1383382,-8.3706871,614.12,4.28,7.5,115.7,11,0.025
80.16,57.96,115.1383811,-8.3706871,613.81,4.42,7.7,118.6,9,0.02
84.89,57.96,115.138424,-8.3706871,613.4,4.57,8.0,121.1,13,0.029
89.62,57.96,115.1384669,-8.3706871,612.94,4.65,8.1,123.5,8,0.018
94.34,57.96,115.1385098,-8.3706871,612.48,4.62,8.1,126.2,7,0.016
99.07,57.96,115.1385528,-8.3706871,612.08,4.48,7.8,129.2,7,0.016
103.8,57.96,115.1385957,-8.3706871,611.76,4.26,7.4,132.4,8,0.018
108.52,57.96,115.1386386,-8.3706871,611.53,3.99,7.0,135.3,8,0.018
113.25,57.96,115.1386815,-8.3706871,611.38,3.72,6.5,137.0,8,0.018
117.98,57.96,115.1387244,-8.3706871,611.34,3.51,6.1,136.8,9,0.02
122.7,57.96,115.1387673,-8.3706871,611.35,3.41,6.0,134.2,9,0.02
127.43,57.96,115.1388102,-8.3706871,611.34,3.45,6.0,129.9,9,0.02
-104.18,53.27,115.1367074,-8.3707296,623.55,3.98,7.0,93.3,5,0.011
-99.45,53.27,115.1367503,-8.3707296,623.2,3.83,6.7,91.9,6,0.013
-94.73,53.27,115.1367932,-8.3707296,623.05,3.79,6.6,92.2,7,0.016
-90.0,53.27,115.1368361,-8.3707296,622.93,3.95,6.9,93.8,8,0.018
-85.27,53.27,115.1368791,-8.3707296,622.78,4.36,7.6,96.1,9,0.02
-80.55,53.27,115.136922,-8.3707296,622.55,4.99,8.7,98.5,10,0.022
-75.82,53.27,115.1369649,-8.3707296,622.18,5.77,10.1,100.7,11,0.025
-71.09,53.27,115.1370078,-8.3707296,621.63,6.61,11.6,102.7,12,0.027
-66.37,53.27,115.1370507,-8.3707296,620.94,7.39,13.0,104.8,13,0.029
-61.64,53.27,115.1370936,-8.3707296,620.16,8.05,14.1,107.3,14,0.031
-56.91,53.27,115.1371366,-8.3707296,619.36,8.51,15.0,110.3,15,0.034
-52.19,53.27,115.1371795,-8.3707296,618.59,8.78,15.4,114.1,17,0.038
-47.46,53.27,115.1372224,-8.3707296,617.86,8.86,15.6,118.9,33,0.074
-42.73,53.27,115.1372653,-8.3707296,617.15,8.78,15.4,124.9,20,0.045
-38.01,53.27,115.1373082,-8.3707296,616.46,8.59,15.1,132.3,39,0.087
-33.28,53.27,115.1373511,-8.3707296,615.78,8.34,14.7,141.3,23,0.051
-28.55,53.27,115.137394,-8.3707296,615.17,8.11,14.2,151.7,62,0.139
-23.83,53.27,115.137437,-8.3707296,614.72,7.97,14.0,163.0,136,0.304
-19.1,53.27,115.1374799,-8.3707296,614.54,7.95,14.0,174.3,11,0.025
-14.37,53.27,115.1375228,-8.3707296,614.7,7.99,14.0,184.3,7,0.016
-9.65,53.27,115.1375657,-8.3707296,615.14,7.98,14.0,192.3,11,0.025
-4.92,53.27,115.1376086,-8.3707296,615.71,7.81,13.7,198.1,6,0.013
-0.19,53.27,115.1376515,-8.3707296,616.27,7.43,13.0,201.8,13,0.029
4.53,53.27,115.1376945,-8.3707296,616.69,6.83,12.0,203.5,7,0.016
9.26,53.27,115.1377374,-8.3707296,616.95,6.05,10.6,203.4,4,0.009
13.99,53.27,115.1377803,-8.3707296,617.11,5.16,9.0,201.1,3,0.007
18.71,53.27,115.1378232,-8.3707296,617.23,4.22,7.4,195.5,1,0.002
23.44,53.27,115.1378661,-8.3707296,617.32,3.36,5.9,184.5,2,0.004
28.17,53.27,115.137909,-8.3707296,617.39,2.8,4.9,165.0,1,0.002
32.9,53.27,115.1379519,-8.3707296,617.36,2.78,4.9,140.5,4,0.009
37.62,53.27,115.1379949,-8.3707296,617.17,3.27,5.7,121.9,2,0.004
42.35,53.27,115.1380378,-8.3707296,616.78,3.91,6.8,111.8,1,0.002
47.08,53.27,115.1380807,-8.3707296,616.23,4.44,7.8,107.5,1,0.002
51.8,53.27,115.1381236,-8.3707296,615.65,4.75,8.3,106.6,2,0.004
56.53,53.27,115.1381665,-8.3707296,615.12,4.83,8.5,108.0,3,0.007
61.26,53.27,115.1382094,-8.3707296,614.77,4.79,8.4,110.8,1,0.002
65.98,53.27,115.1382524,-8.3707296,614.54,4.72,8.3,114.4,1,0.002
70.71,53.27,115.1382953,-8.3707296,614.36,4.71,8.2,117.9,8,0.018
75.44,53.27,115.1383382,-8.3707296,614.14,4.77,8.3,120.7,2,0.004
80.16,53.27,115.1383811,-8.3707296,613.78,4.87,8.5,122.8,12,0.027
84.89,53.27,115.138424,-8.3707296,613.31,4.96,8.7,124.3,10,0.022
89.62,53.27,115.1384669,-8.3707296,612.78,4.96,8.7,125.9,14,0.031
94.34,53.27,115.1385098,-8.3707296,612.26,4.86,8.5,127.9,9,0.02
99.07,53.27,115.1385528,-8.3707296,611.82,4.65,8.1,130.6,8,0.018
103.8,53.27,115.1385957,-8.3707296,611.48,4.36,7.6,133.9,8,0.018
108.52,53.27,115.1386386,-8.3707296,611.25,4.07,7.1,137.5,9,0.02
113.25,53.27,115.1386815,-8.3707296,611.14,3.83,6.7,140.4,9,0.02
117.98,53.27,115.1387244,-8.3707296,611.14,3.67,6.4,141.6,9,0.02
122.7,53.27,115.1387673,-8.3707296,611.21,3.63,6.3,140.3,10,0.022
-104.18,48.57,115.1367074,-8.370772,623.56,3.83,6.7,96.3,4,0.009
-99.45,48.57,115.1367503,-8.370772,623.18,3.81,6.7,94.9,5,0.011
-94.73,48.57,115.1367932,-8.370772,623.01,3.9,6.8,95.5,6,0.013
-90.0,48.57,115.1368361,-8.370772,622.87,4.18,7.3,97.6,7,0.016
-85.27,48.57,115.1368791,-8.370772,622.69,4.67,8.2,100.2,8,0.018
-80.55,48.57,115.136922,-8.370772,622.43,5.38,9.4,102.3,9,0.02
-75.82,48.57,115.1369649,-8.370772,622.04,6.22,10.9,104.0,10,0.022
-71.09,48.57,115.1370078,-8.370772,621.46,7.1,12.5,105.4,11,0.025
-66.37,48.57,115.1370507,-8.370772,620.73,7.92,13.9,106.7,12,0.027
-61.64,48.57,115.1370936,-8.370772,619.91,8.61,15.1,108.3,13,0.029
-56.91,48.57,115.1371366,-8.370772,619.07,9.1,16.0,110.5,14,0.031
-52.19,48.57,115.1371795,-8.370772,618.26,9.39,16.5,113.3,16,0.036
-47.46,48.57,115.1372224,-8.370772,617.48,9.45,16.6,117.1,18,0.04
-42.73,48.57,115.1372653,-8.370772,616.73,9.3,16.4,122.0,34,0.076
-38.01,48.57,115.1373082,-8.370772,615.96,8.96,15.8,128.3,21,0.047
-33.28,48.57,115.1373511,-8.370772,615.18,8.49,14.9,136.5,40,0.089
-28.55,48.57,115.137394,-8.370772,614.46,8.0,14.1,146.9,24,0.054
-23.83,48.57,115.137437,-8.370772,613.91,7.62,13.4,159.2,199,0.445
-19.1,48.57,115.1374799,-8.370772,613.66,7.48,13.1,172.4,12,0.027
-14.37,48.57,115.1375228,-8.370772,613.81,7.57,13.3,184.5,8,0.018
-9.65,48.57,115.1375657,-8.370772,614.28,7.75,13.6,194.1,12,0.027
-4.92,48.57,115.1376086,-8.370772,614.92,7.84,13.8,200.8,20,0.045
-0.19,48.57,115.1376515,-8.370772,615.56,7.72,13.6,204.9,8,0.018
4.53,48.57,115.1376945,-8.370772,616.05,7.35,12.9,206.8,5,0.011
9.26,48.57,115.1377374,-8.370772,616.38,6.75,11.8,206.9,4,0.009
13.99,48.57,115.1377803,-8.370772,616.6,5.99,10.5,205.1,2,0.004
18.71,48.57,115.1378232,-8.370772,616.77,5.13,9.0,200.8,1,0.002
23.44,48.57,115.1378661,-8.370772,616.94,4.26,7.5,192.4,3,0.007
28.17,48.57,115.137909,-8.370772,617.08,3.58,6.3,177.8,2,0.004
32.9,48.57,115.1379519,-8.370772,617.12,3.33,5.8,157.3,1,0.002
37.62,48.57,115.1379949,-8.370772,617.01,3.61,6.3,137.8,5,0.011
42.35,48.57,115.1380378,-8.370772,616.68,4.19,7.3,125.2,3,0.007
47.08,48.57,115.1380807,-8.370772,616.18,4.77,8.3,118.9,2,0.004
51.8,48.57,115.1381236,-8.370772,615.62,5.16,9.0,116.7,1,0.002
56.53,48.57,115.1381665,-8.370772,615.11,5.35,9.4,117.3,1,0.002
61.26,48.57,115.1382094,-8.370772,614.74,5.39,9.4,119.6,4,0.009
65.98,48.57,115.1382524,-8.370772,614.49,5.38,9.4,122.6,2,0.004
70.71,48.57,115.1382953,-8.370772,614.28,5.38,9.4,125.6,2,0.004
75.44,48.57,115.1383382,-8.370772,614.02,5.42,9.5,127.8,9,0.02
80.16,48.57,115.1383811,-8.370772,613.64,5.45,9.5,129.1,3,0.007
84.89,48.57,115.138424,-8.370772,613.14,5.44,9.5,129.9,13,0.029
89.62,48.57,115.1384669,-8.370772,612.6,5.35,9.4,130.6,11,0.025
94.34,48.57,115.1385098,-8.370772,612.07,5.15,9.0,131.8,15,0.034
99.07,48.57,115.1385528,-8.370772,611.62,4.87,8.5,133.8,10,0.022
103.8,48.57,115.1385957,-8.370772,611.28,4.56,8.0,136.8,9,0.02
108.52,48.57,115.1386386,-8.370772,611.04,4.27,7.5,140.3,9,0.02
113.25,48.57,115.1386815,-8.370772,610.93,4.07,7.1,143.7,10,0.022
117.98,48.57,115.1387244,-8.370772,610.93,3.98,7.0,145.5,10,0.022
-108.91,43.88,115.1366645,-8.3708145,623.91,3.56,6.2,103.7,2,0.004
-104.18,43.88,115.1367074,-8.3708145,623.61,3.66,6.4,98.6,3,0.007
-99.45,43.88,115.1367503,-8.3708145,623.21,3.81,6.7,96.8,4,0.009
-94.73,43.88,115.1367932,-8.3708145,623.0,4.06,7.1,97.5,5,0.011
-90.0,43.88,115.1368361,-8.3708145,622.8,4.46,7.8,99.9,6,0.013
-85.27,43.88,115.1368791,-8.3708145,622.57,5.04,8.8,102.5,7,0.016
-80.55,43.88,115.136922,-8.3708145,622.27,5.8,10.2,104.6,8,0.018
-75.82,43.88,115.1369649,-8.3708145,621.84,6.66,11.7,106.0,9,0.02
-71.09,43.88,115.1370078,-8.3708145,621.25,7.54,13.2,107.0,10,0.022
-66.37,43.88,115.1370507,-8.3708145,620.5,8.37,14.7,107.8,11,0.025
-61.64,43.88,115.1370936,-8.3708145,619.67,9.06,16.0,108.8,12,0.027
-56.91,43.88,115.1371366,-8.3708145,618.8,9.57,16.9,110.2,13,0.029
-52.19,43.88,115.1371795,-8.3708145,617.95,9.86,17.4,112.3,28,0.063
-47.46,43.88,115.1372224,-8.3708145,617.11,9.89,17.4,115.2,17,0.038
-42.73,43.88,115.1372653,-8.3708145,616.29,9.67,17.0,119.1,19,0.042
-38.01,43.88,115.1373082,-8.3708145,615.45,9.18,16.2,124.4,35,0.078
-33.28,43.88,115.1373511,-8.3708145,614.61,8.49,14.9,131.7,22,0.049
-28.55,43.88,115.137394,-8.3708145,613.84,7.72,13.6,141.6,41,0.092
-23.83,43.88,115.137437,-8.3708145,613.25,7.07,12.4,154.5,224,0.5
-19.1,43.88,115.1374799,-8.3708145,612.97,6.76,11.9,169.6,13,0.029
-14.37,43.88,115.1375228,-8.3708145,613.07,6.85,12.0,184.1,9,0.02
-9.65,43.88,115.1375657,-8.3708145,613.51,7.19,12.6,195.5,13,0.029
-4.92,43.88,115.1376086,-8.3708145,614.12,7.52,13.2,203.0,29,0.065
-0.19,43.88,115.1376515,-8.3708145,614.75,7.66,13.5,207.4,6,0.013
4.53,43.88,115.1376945,-8.3708145,615.28,7.55,13.2,209.4,5,0.011
9.26,43.88,115.1377374,-8.3708145,615.68,7.17,12.6,209.6,3,0.007
13.99,43.88,115.1377803,-8.3708145,615.99,6.58,11.5,208.0,2,0.004
18.71,43.88,115.1378232,-8.3708145,616.26,5.84,10.2,204.2,4,0.009
23.44,43.88,115.1378661,-8.3708145,616.53,5.04,8.8,197.1,1,0.002
28.17,43.88,115.137909,-8.3708145,616.76,4.36,7.6,184.9,3,0.007
32.9,43.88,115.1379519,-8.3708145,616.88,4.03,7.1,167.6,1,0.002
37.62,43.88,115.1379949,-8.3708145,616.84,4.21,7.4,149.7,2,0.004
42.35,43.88,115.1380378,-8.3708145,616.56,4.74,8.3,136.6,6,0.013
47.08,43.88,115.1380807,-8.3708145,616.11,5.35,9.4,129.3,4,0.009
51.8,43.88,115.1381236,-8.3708145,615.57,5.83,10.2,126.3,3,0.007
56.53,43.88,115.1381665,-8.3708145,615.04,6.12,10.7,126.3,2,0.004
61.26,43.88,115.1382094,-8.3708145,614.63,6.25,11.0,128.2,2,0.004
65.98,43.88,115.1382524,-8.3708145,614.31,6.29,11.0,130.8,5,0.011
70.71,43.88,115.1382953,-8.3708145,614.03,6.29,11.0,133.5,3,0.007
75.44,43.88,115.1383382,-8.3708145,613.73,6.26,11.0,135.4,3,0.007
80.16,43.88,115.1383811,-8.3708145,613.34,6.19,10.8,136.5,10,0.022
84.89,43.88,115.138424,-8.3708145,612.87,6.05,10.6,136.9,4,0.009
89.62,43.88,115.1384669,-8.3708145,612.38,5.83,10.2,137.2,14,0.031
94.34,43.88,115.1385098,-8.3708145,611.9,5.53,9.7,137.7,12,0.027
99.07,43.88,115.1385528,-8.3708145,611.48,5.19,9.1,138.9,16,0.036
103.8,43.88,115.1385957,-8.3708145,611.14,4.86,8.5,141.1,11,0.025
108.52,43.88,115.1386386,-8.3708145,610.89,4.59,8.0,143.9,10,0.022
113.25,43.88,115.1386815,-8.3708145,610.74,4.44,7.8,146.8,10,0.022
-108.91,39.18,115.1366645,-8.3708569,623.93,3.2,5.6,107.1,21,0.047
-104.18,39.18,115.1367074,-8.3708569,623.68,3.47,6.1,100.3,22,0.049
-99.45,39.18,115.1367503,-8.3708569,623.28,3.82,6.7,97.9,23,0.051
-94.73,39.18,115.1367932,-8.3708569,623.02,4.24,7.4,98.5,24,0.054
-90.0,39.18,115.1368361,-8.3708569,622.74,4.78,8.4,100.8,25,0.056
-85.27,39.18,115.1368791,-8.3708569,622.44,5.44,9.5,103.4,26,0.058
-80.55,39.18,115.136922,-8.3708569,622.07,6.22,10.9,105.5,27,0.06
-75.82,39.18,115.1369649,-8.3708569,621.6,7.07,12.4,106.9,28,0.063
-71.09,39.18,115.1370078,-8.3708569,620.99,7.93,13.9,107.6,29,0.065
-66.37,39.18,115.1370507,-8.3708569,620.26,8.74,15.4,108.2,30,0.067
-61.64,39.18,115.1370936,-8.3708569,619.45,9.42,16.6,108.7,31,0.069
-56.91,39.18,115.1371366,-8.3708569,618.57,9.93,17.5,109.7,32,0.071
-52.19,39.18,115.1371795,-8.3708569,617.66,10.2,18.0,111.1,33,0.074
-47.46,39.18,115.1372224,-8.3708569,616.75,10.19,18.0,113.3,62,0.139
-42.73,39.18,115.1372653,-8.3708569,615.84,9.88,17.4,116.4,18,0.04
-38.01,39.18,115.1373082,-8.3708569,614.95,9.25,16.3,120.7,20,0.045
-33.28,39.18,115.1373511,-8.3708569,614.09,8.36,14.7,126.8,36,0.08
-28.55,39.18,115.137394,-8.3708569,613.33,7.33,12.9,135.9,23,0.051
-23.83,39.18,115.137437,-8.3708569,612.76,6.4,11.2,149.0,266,0.594
-19.1,39.18,115.1374799,-8.3708569,612.46,5.88,10.3,165.8,14,0.031
-14.37,39.18,115.1375228,-8.3708569,612.51,5.92,10.4,183.0,10,0.022
-9.65,39.18,115.1375657,-8.3708569,612.85,6.37,11.2,196.4,14,0.031
-4.92,39.18,115.1376086,-8.3708569,613.37,6.9,12.1,204.9,36,0.08
-0.19,39.18,115.1376515,-8.3708569,613.95,7.29,12.8,209.6,6,0.013
4.53,39.18,115.1376945,-8.3708569,614.48,7.42,13.0,211.6,4,0.009
9.26,39.18,115.1377374,-8.3708569,614.94,7.28,12.8,211.7,3,0.007
13.99,39.18,115.1377803,-8.3708569,615.35,6.9,12.1,210.1,5,0.011
18.71,39.18,115.1378232,-8.3708569,615.73,6.33,11.1,206.4,2,0.004
23.44,39.18,115.1378661,-8.3708569,616.09,5.67,9.9,199.5,1,0.002
28.17,39.18,115.137909,-8.3708569,616.41,5.09,8.9,188.4,4,0.009
32.9,39.18,115.1379519,-8.3708569,616.6,4.82,8.4,173.2,2,0.004
37.62,39.18,115.1379949,-8.3708569,616.61,5.0,8.8,157.3,1,0.002
42.35,39.18,115.1380378,-8.3708569,616.38,5.56,9.7,145.1,3,0.007
47.08,39.18,115.1380807,-8.3708569,615.95,6.22,10.9,137.7,7,0.016
51.8,39.18,115.1381236,-8.3708569,615.42,6.79,11.9,134.4,5,0.011
56.53,39.18,115.1381665,-8.3708569,614.86,7.17,12.6,134.1,4,0.009
61.26,39.18,115.1382094,-8.3708569,614.38,7.36,12.9,135.5,3,0.007
65.98,39.18,115.1382524,-8.3708569,613.97,7.42,13.0,137.9,3,0.007
70.71,39.18,115.1382953,-8.3708569,613.6,7.39,13.0,140.4,6,0.013
75.44,39.18,115.1383382,-8.3708569,613.25,7.27,12.8,142.4,4,0.009
80.16,39.18,115.1383811,-8.3708569,612.87,7.08,12.4,143.7,4,0.009
84.89,39.18,115.138424,-8.3708569,612.47,6.79,11.9,144.4,11,0.025
89.62,39.18,115.1384669,-8.3708569,612.07,6.43,11.3,144.6,5,0.011
94.34,39.18,115.1385098,-8.3708569,611.68,6.03,10.6,144.8,15,0.034
99.07,39.18,115.1385528,-8.3708569,611.32,5.63,9.9,145.3,13,0.029
103.8,39.18,115.1385957,-8.3708569,611.01,5.28,9.2,146.5,17,0.038
108.52,39.18,115.1386386,-8.3708569,610.74,5.03,8.8,148.1,12,0.027
-113.63,34.48,115.1366216,-8.3708994,624.09,2.58,4.5,126.1,7,0.016
-108.91,34.48,115.1366645,-8.3708994,623.96,2.82,4.9,110.7,1,0.002
-104.18,34.48,115.1367074,-8.3708994,623.77,3.27,5.7,101.9,2,0.004
-99.45,34.48,115.1367503,-8.3708994,623.36,3.83,6.7,98.7,3,0.007
-94.73,34.48,115.1367932,-8.3708994,623.05,4.45,7.8,99.0,4,0.009
-90.0,34.48,115.1368361,-8.3708994,622.7,5.12,9.0,101.1,5,0.011
-85.27,34.48,115.1368791,-8.3708994,622.3,5.85,10.2,103.5,6,0.013
-80.55,34.48,115.136922,-8.3708994,621.84,6.64,11.6,105.5,7,0.016
-75.82,34.48,115.1369649,-8.3708994,621.31,7.46,13.1,106.9,8,0.018
-71.09,34.48,115.1370078,-8.3708994,620.7,8.27,14.5,107.6,9,0.02
-66.37,34.48,115.1370507,-8.3708994,620.0,9.03,15.9,108.0,10,0.022
-61.64,34.48,115.1370936,-8.3708994,619.21,9.68,17.1,108.3,11,0.025
-56.91,34.48,115.1371366,-8.3708994,618.34,10.17,17.9,108.8,12,0.027
-52.19,34.48,115.1371795,-8.3708994,617.39,10.42,18.4,109.8,13,0.029
-47.46,34.48,115.1372224,-8.3708994,616.4,10.36,18.3,111.3,14,0.031
-42.73,34.48,115.1372653,-8.3708994,615.41,9.95,17.5,113.6,77,0.172
-38.01,34.48,115.1373082,-8.3708994,614.47,9.18,16.2,117.0,19,0.042
-33.28,34.48,115.1373511,-8.3708994,613.62,8.11,14.3,122.0,21,0.047
-28.55,34.48,115.137394,-8.3708994,612.93,6.88,12.1,129.9,37,0.083
-23.83,34.48,115.137437,-8.3708994,612.41,5.71,10.0,142.5,24,0.054
-19.1,34.48,115.1374799,-8.3708994,612.14,4.97,8.7,160.7,281,0.628
-14.37,34.48,115.1375228,-8.3708994,612.13,4.9,8.6,181.0,11,0.025
-9.65,34.48,115.1375657,-8.3708994,612.36,5.4,9.5,196.8,15,0.034
-4.92,34.48,115.1376086,-8.3708994,612.75,6.08,10.7,206.4,43,0.096
-0.19,34.48,115.1376515,-8.3708994,613.23,6.67,11.7,211.4,5,0.011
4.53,34.48,115.1376945,-8.3708994,613.73,7.03,12.3,213.3,4,0.009
9.26,34.48,115.1377374,-8.3708994,614.23,7.12,12.5,213.3,6,0.013
13.99,34.48,115.1377803,-8.3708994,614.72,6.96,12.2,211.4,3,0.007
18.71,34.48,115.1378232,-8.3708994,615.19,6.6,11.6,207.3,2,0.004
23.44,34.48,115.1378661,-8.3708994,615.63,6.14,10.8,200.2,1,0.002
28.17,34.48,115.137909,-8.3708994,616.0,5.75,10.1,189.4,5,0.011
32.9,34.48,115.1379519,-8.3708994,616.25,5.64,9.9,175.5,3,0.007
37.62,34.48,115.1379949,-8.3708994,616.29,5.94,10.4,161.4,1,0.002
42.35,34.48,115.1380378,-8.3708994,616.08,6.58,11.5,150.5,2,0.004
47.08,34.48,115.1380807,-8.3708994,615.66,7.32,12.9,143.7,4,0.009
51.8,34.48,115.1381236,-8.3708994,615.11,7.97,14.0,140.5,8,0.018
56.53,34.48,115.1381665,-8.3708994,614.5,8.41,14.8,139.9,6,0.013
61.26,34.48,115.1382094,-8.3708994,613.94,8.63,15.2,141.1,5,0.011
65.98,34.48,115.1382524,-8.3708994,613.43,8.67,15.3,143.3,4,0.009
70.71,34.48,115.1382953,-8.3708994,612.98,8.57,15.1,145.9,4,0.009
75.44,34.48,115.1383382,-8.3708994,612.59,8.35,14.7,148.3,7,0.016
80.16,34.48,115.1383811,-8.3708994,612.23,8.03,14.1,150.1,5,0.011
84.89,34.48,115.138424,-8.3708994,611.92,7.61,13.4,151.3,5,0.011
89.62,34.48,115.1384669,-8.3708994,611.62,7.13,12.5,151.9,12,0.027
94.34,34.48,115.1385098,-8.3708994,611.35,6.63,11.6,152.1,6,0.013
99.07,34.48,115.1385528,-8.3708994,611.07,6.16,10.8,152.1,16,0.036
103.8,34.48,115.1385957,-8.3708994,610.79,5.79,10.1,152.3,14,0.031
-118.36,29.79,115.1365787,-8.3709419,623.98,2.39,4.2,158.8,1,0.002
-113.63,29.79,115.1366216,-8.3709419,624.02,2.17,3.8,136.5,5,0.011
-108.91,29.79,115.1366645,-8.3709419,623.99,2.46,4.3,115.7,8,0.018
-104.18,29.79,115.1367074,-8.3709419,623.86,3.09,5.4,104.1,9,0.02
-99.45,29.79,115.1367503,-8.3709419,623.46,3.86,6.7,99.9,10,0.022
-94.73,29.79,115.1367932,-8.3709419,623.1,4.66,8.2,99.6,11,0.025
-90.0,29.79,115.1368361,-8.3709419,622.66,5.46,9.6,101.1,12,0.027
-85.27,29.79,115.1368791,-8.3709419,622.15,6.25,10.9,103.1,13,0.029
-80.55,29.79,115.136922,-8.3709419,621.59,7.03,12.3,104.9,14,0.031
-75.82,29.79,115.1369649,-8.3709419,621.0,7.8,13.7,106.2,15,0.034
-71.09,29.79,115.1370078,-8.3709419,620.38,8.55,15.0,107.0,16,0.036
-66.37,29.79,115.1370507,-8.3709419,619.71,9.26,16.3,107.3,17,0.038
-61.64,29.79,115.1370936,-8.3709419,618.96,9.87,17.4,107.5,18,0.04
-56.91,29.79,115.1371366,-8.3709419,618.11,10.32,18.2,107.8,19,0.042
-52.19,29.79,115.1371795,-8.3709419,617.13,10.53,18.6,108.4,20,0.045
-47.46,29.79,115.1372224,-8.3709419,616.07,10.41,18.4,109.4,21,0.047
-42.73,29.79,115.1372653,-8.3709419,615.01,9.9,17.5,111.0,22,0.049
-38.01,29.79,115.1373082,-8.3709419,614.04,9.01,15.9,113.5,100,0.223
-33.28,29.79,115.1373511,-8.3709419,613.24,7.81,13.7,117.5,20,0.045
-28.55,29.79,115.137394,-8.3709419,612.63,6.42,11.3,124.1,22,0.049
-23.83,29.79,115.137437,-8.3709419,612.21,5.09,8.9,135.4,38,0.085
-19.1,29.79,115.1374799,-8.3709419,611.98,4.15,7.2,154.1,306,0.684
-14.37,29.79,115.1375228,-8.3709419,611.95,3.94,6.9,177.5,12,0.027
-9.65,29.79,115.1375657,-8.3709419,612.07,4.42,7.7,196.4,16,0.036
-4.92,29.79,115.1376086,-8.3709419,612.33,5.18,9.1,207.3,49,0.109
-0.19,29.79,115.1376515,-8.3709419,612.7,5.91,10.3,212.5,5,0.011
4.53,29.79,115.1376945,-8.3709419,613.15,6.45,11.3,214.4,7,0.016
9.26,29.79,115.1377374,-8.3709419,613.64,6.74,11.8,213.9,4,0.009
13.99,29.79,115.1377803,-8.3709419,614.16,6.81,11.9,211.5,3,0.007
18.71,29.79,115.1378232,-8.3709419,614.67,6.68,11.7,206.7,2,0.004
23.44,29.79,115.1378661,-8.3709419,615.15,6.46,11.3,199.0,1,0.002
28.17,29.79,115.137909,-8.3709419,615.54,6.32,11.1,188.1,6,0.013
32.9,29.79,115.1379519,-8.3709419,615.79,6.45,11.3,175.3,4,0.009
37.62,29.79,115.1379949,-8.3709419,615.83,6.95,12.2,162.9,1,0.002
42.35,29.79,115.1380378,-8.3709419,615.6,7.72,13.6,153.5,2,0.004
47.08,29.79,115.1380807,-8.3709419,615.15,8.55,15.0,147.5,3,0.007
51.8,29.79,115.1381236,-8.3709419,614.55,9.24,16.3,144.5,5,0.011
56.53,29.79,115.1381665,-8.3709419,613.9,9.69,17.1,143.9,9,0.02
61.26,29.79,115.1382094,-8.3709419,613.26,9.89,17.4,145.1,7,0.016
65.98,29.79,115.1382524,-8.3709419,612.68,9.88,17.4,147.3,6,0.013
70.71,29.79,115.1382953,-8.3709419,612.17,9.69,17.1,150.0,5,0.011
75.44,29.79,115.1383382,-8.3709419,611.75,9.36,16.5,152.8,5,0.011
80.16,29.79,115.1383811,-8.3709419,611.43,8.92,15.7,155.3,8,0.018
84.89,29.79,115.138424,-8.3709419,611.2,8.41,14.8,157.2,6,0.013
89.62,29.79,115.1384669,-8.3709419,611.01,7.84,13.8,158.3,18,0.04
94.34,29.79,115.1385098,-8.3709419,610.84,7.27,12.8,158.8,7,0.016
99.07,29.79,115.1385528,-8.3709419,610.64,6.75,11.8,158.6,17,0.038
103.8,29.79,115.1385957,-8.3709419,610.43,6.32,11.1,158.0,1,0.002
-118.36,25.09,115.1365787,-8.3709843,623.88,2.31,4.0,175.3,2,0.004
-113.63,25.09,115.1366216,-8.3709843,623.99,1.92,3.4,151.1,1,0.002
-108.91,25.09,115.1366645,-8.3709843,624.02,2.18,3.8,123.6,6,0.013
-104.18,25.09,115.1367074,-8.3709843,623.94,2.95,5.1,108.1,1,0.002
-99.45,25.09,115.1367503,-8.3709843,623.55,3.9,6.8,102.1,2,0.004
-94.73,25.09,115.1367932,-8.3709843,623.15,4.86,8.5,100.7,3,0.007
-90.0,25.09,115.1368361,-8.3709843,622.63,5.77,10.1,101.3,4,0.009
-85.27,25.09,115.1368791,-8.3709843,622.02,6.61,11.6,102.6,5,0.011
-80.55,25.09,115.136922,-8.3709843,621.36,7.38,13.0,104.0,6,0.013
-75.82,25.09,115.1369649,-8.3709843,620.69,8.1,14.2,105.2,7,0.016
-71.09,25.09,115.1370078,-8.3709843,620.05,8.79,15.5,105.9,8,0.018
-66.37,25.09,115.1370507,-8.3709843,619.41,9.44,16.6,106.3,9,0.02
-61.64,25.09,115.1370936,-8.3709843,618.7,10.0,17.6,106.5,10,0.022
-56.91,25.09,115.1371366,-8.3709843,617.88,10.41,18.4,106.6,11,0.025
-52.19,25.09,115.1371795,-8.3709843,616.88,10.55,18.6,106.9,12,0.027
-47.46,25.09,115.1372224,-8.3709843,615.77,10.36,18.3,107.5,13,0.029
-42.73,25.09,115.1372653,-8.3709843,614.66,9.76,17.2,108.6,14,0.031
-38.01,25.09,115.1373082,-8.3709843,613.69,8.78,15.4,110.4,15,0.034
-33.28,25.09,115.1373511,-8.3709843,612.95,7.48,13.1,113.4,116,0.259
-28.55,25.09,115.137394,-8.3709843,612.44,6.02,10.6,118.7,21,0.047
-23.83,25.09,115.137437,-8.3709843,612.13,4.6,8.1,128.5,23,0.051
-19.1,25.09,115.1374799,-8.3709843,611.97,3.53,6.2,146.4,345,0.771
-14.37,25.09,115.1375228,-8.3709843,611.92,3.16,5.5,172.2,13,0.029
-9.65,25.09,115.1375657,-8.3709843,611.97,3.57,6.2,194.5,17,0.038
-4.92,25.09,115.1376086,-8.3709843,612.12,4.33,7.6,206.9,55,0.123
-0.19,25.09,115.1376515,-8.3709843,612.38,5.12,9.0,212.5,8,0.018
4.53,25.09,115.1376945,-8.3709843,612.75,5.78,10.1,214.2,5,0.011
9.26,25.09,115.1377374,-8.3709843,613.2,6.24,10.9,213.3,4,0.009
13.99,25.09,115.1377803,-8.3709843,613.68,6.5,11.4,210.0,3,0.007
18.71,25.09,115.1378232,-8.3709843,614.18,6.61,11.6,204.4,1,0.002
23.44,25.09,115.1378661,-8.3709843,614.64,6.66,11.7,196.0,2,0.004
28.17,25.09,115.137909,-8.3709843,615.0,6.82,12.0,185.1,7,0.016
32.9,25.09,115.1379519,-8.3709843,615.22,7.24,12.7,173.3,5,0.011
37.62,25.09,115.1379949,-8.3709843,615.21,7.97,14.0,162.7,1,0.002
42.35,25.09,115.1380378,-8.3709843,614.94,8.87,15.6,154.6,2,0.004
47.08,25.09,115.1380807,-8.3709843,614.43,9.75,17.2,149.5,3,0.007
51.8,25.09,115.1381236,-8.3709843,613.77,10.45,18.4,147.0,4,0.009
56.53,25.09,115.1381665,-8.3709843,613.04,10.87,19.2,146.6,6,0.013
61.26,25.09,115.1382094,-8.3709843,612.35,11.0,19.4,147.7,10,0.022
65.98,25.09,115.1382524,-8.3709843,611.72,10.89,19.2,150.1,8,0.018
70.71,25.09,115.1382953,-8.3709843,611.19,10.59,18.7,153.1,7,0.016
75.44,25.09,115.1383382,-8.3709843,610.77,10.16,17.9,156.3,6,0.013
80.16,25.09,115.1383811,-8.3709843,610.49,9.64,17.0,159.4,14,0.031
84.89,25.09,115.138424,-8.3709843,610.32,9.07,16.0,161.9,7,0.016
89.62,25.09,115.1384669,-8.3709843,610.22,8.46,14.9,163.7,19,0.042
94.34,25.09,115.1385098,-8.3709843,610.14,7.85,13.8,164.6,8,0.018
99.07,25.09,115.1385528,-8.3709843,610.04,7.29,12.8,164.5,18,0.04
-118.36,20.4,115.1365787,-8.3710268,623.81,2.52,4.4,190.0,3,0.007
-113.63,20.4,115.1366216,-8.3710268,623.97,1.96,3.4,168.1,1,0.002
-108.91,20.4,115.1366645,-8.3710268,624.04,2.07,3.6,135.7,2,0.004
-104.18,20.4,115.1367074,-8.3710268,623.98,2.87,5.0,114.7,7,0.016
-99.45,20.4,115.1367503,-8.3710268,623.61,3.94,6.9,105.9,8,0.018
-94.73,20.4,115.1367932,-8.3710268,623.18,5.03,8.8,102.8,9,0.02
-90.0,20.4,115.1368361,-8.3710268,622.59,6.03,10.6,102.1,10,0.022
-85.27,20.4,115.1368791,-8.3710268,621.89,6.91,12.1,102.5,11,0.025
-80.55,20.4,115.136922,-8.3710268,621.14,7.67,13.5,103.2,12,0.027
-75.82,20.4,115.1369649,-8.3710268,620.41,8.36,14.7,104.0,13,0.029
-71.09,20.4,115.1370078,-8.3710268,619.75,9.0,15.8,104.7,14,0.031
-66.37,20.4,115.1370507,-8.3710268,619.12,9.59,16.9,105.0,15,0.034
-61.64,20.4,115.1370936,-8.3710268,618.44,10.09,17.8,105.2,16,0.036
-56.91,20.4,115.1371366,-8.3710268,617.63,10.43,18.4,105.3,17,0.038
-52.19,20.4,115.1371795,-8.3710268,616.62,10.51,18.6,105.4,18,0.04
-47.46,20.4,115.1372224,-8.3710268,615.49,10.24,18.1,105.7,19,0.042
-42.73,20.4,115.1372653,-8.3710268,614.38,9.57,16.9,106.4,20,0.045
-38.01,20.4,115.1373082,-8.3710268,613.42,8.52,15.0,107.6,21,0.047
-33.28,20.4,115.1373511,-8.3710268,612.74,7.18,12.6,109.9,22,0.049
-28.55,20.4,115.137394,-8.3710268,612.32,5.71,10.0,114.2,139,0.311
-23.83,20.4,115.137437,-8.3710268,612.11,4.29,7.5,122.6,22,0.049
-19.1,20.4,115.1374799,-8.3710268,612.01,3.16,5.5,138.9,24,0.054
-14.37,20.4,115.1375228,-8.3710268,611.96,2.67,4.7,165.1,359,0.802
-9.65,20.4,115.1375657,-8.3710268,611.96,2.94,5.1,190.2,18,0.04
-4.92,20.4,115.1376086,-8.3710268,612.04,3.64,6.4,204.5,64,0.143
-0.19,20.4,115.1376515,-8.3710268,612.2,4.42,7.7,210.7,6,0.013
4.53,20.4,115.1376945,-8.3710268,612.48,5.13,9.0,212.2,5,0.011
9.26,20.4,115.1377374,-8.3710268,612.84,5.7,10.0,210.8,4,0.009
13.99,20.4,115.1377803,-8.3710268,613.27,6.12,10.7,206.7,2,0.004
18.71,20.4,115.1378232,-8.3710268,613.7,6.45,11.3,200.2,1,0.002
23.44,20.4,115.1378661,-8.3710268,614.1,6.79,11.9,191.2,3,0.007
28.17,20.4,115.137909,-8.3710268,614.41,7.27,12.8,180.8,8,0.018
32.9,20.4,115.1379519,-8.3710268,614.55,7.98,14.0,170.2,6,0.013
37.62,20.4,115.1379949,-8.3710268,614.48,8.91,15.7,161.2,1,0.002
42.35,20.4,115.1380378,-8.3710268,614.12,9.92,17.5,154.6,2,0.004
47.08,20.4,115.1380807,-8.3710268,613.54,10.83,19.1,150.4,3,0.007
51.8,20.4,115.1381236,-8.3710268,612.8,11.48,20.3,148.3,4,0.009
56.53,20.4,115.1381665,-8.3710268,612.02,11.81,20.9,148.2,5,0.011
61.26,20.4,115.1382094,-8.3710268,611.29,11.83,20.9,149.5,7,0.016
65.98,20.4,115.1382524,-8.3710268,610.64,11.59,20.5,152.0,11,0.025
70.71,20.4,115.1382953,-8.3710268,610.11,11.18,19.8,155.3,9,0.02
75.44,20.4,115.1383382,-8.3710268,609.72,10.66,18.8,158.9,14,0.031
80.16,20.4,115.1383811,-8.3710268,609.48,10.09,17.8,162.6,15,0.034
84.89,20.4,115.138424,-8.3710268,609.37,9.5,16.7,165.8,8,0.018
89.62,20.4,115.1384669,-8.3710268,609.33,8.9,15.7,168.2,20,0.045
94.34,20.4,115.1385098,-8.3710268,609.33,8.3,14.6,169.5,9,0.02
-113.63,15.7,115.1366216,-8.3710692,623.93,2.33,4.1,181.9,2,0.004
-108.91,15.7,115.1366645,-8.3710692,624.03,2.21,3.9,150.3,1,0.002
-104.18,15.7,115.1367074,-8.3710692,623.99,2.91,5.1,124.3,3,0.007
-99.45,15.7,115.1367503,-8.3710692,623.61,4.01,7.0,111.7,1,0.002
-94.73,15.7,115.1367932,-8.3710692,623.16,5.17,9.0,106.2,2,0.004
-90.0,15.7,115.1368361,-8.3710692,622.54,6.22,10.9,103.9,3,0.007
-85.27,15.7,115.1368791,-8.3710692,621.79,7.12,12.5,103.0,4,0.009
-80.55,15.7,115.136922,-8.3710692,621.0,7.89,13.9,102.9,5,0.011
-75.82,15.7,115.1369649,-8.3710692,620.22,8.56,15.1,103.2,6,0.013
-71.09,15.7,115.1370078,-8.3710692,619.52,9.17,16.1,103.5,7,0.016
-66.37,15.7,115.1370507,-8.3710692,618.88,9.71,17.1,103.8,8,0.018
-61.64,15.7,115.1370936,-8.3710692,618.18,10.16,17.9,104.0,9,0.02
-56.91,15.7,115.1371366,-8.3710692,617.37,10.43,18.4,104.1,10,0.022
-52.19,15.7,115.1371795,-8.3710692,616.36,10.43,18.4,104.1,11,0.025
-47.46,15.7,115.1372224,-8.3710692,615.25,10.09,17.8,104.1,12,0.027
-42.73,15.7,115.1372653,-8.3710692,614.16,9.35,16.5,104.5,13,0.029
-38.01,15.7,115.1373082,-8.3710692,613.23,8.28,14.5,105.4,14,0.031
-33.28,15.7,115.1373511,-8.3710692,612.61,6.95,12.2,107.3,15,0.034
-28.55,15.7,115.137394,-8.3710692,612.26,5.51,9.7,111.1,16,0.036
-23.83,15.7,115.137437,-8.3710692,612.1,4.14,7.2,118.6,140,0.313
-19.1,15.7,115.1374799,-8.3710692,612.04,3.04,5.3,133.2,23,0.051
-14.37,15.7,115.1375228,-8.3710692,611.99,2.47,4.3,157.6,384,0.858
-9.65,15.7,115.1375657,-8.3710692,611.96,2.6,4.5,183.4,19,0.042
-4.92,15.7,115.1376086,-8.3710692,611.97,3.18,5.6,199.3,65,0.145
-0.19,15.7,115.1376515,-8.3710692,612.06,3.89,6.8,206.4,12,0.027
4.53,15.7,115.1376945,-8.3710692,612.26,4.59,8.0,208.0,5,0.011
9.26,15.7,115.1377374,-8.3710692,612.55,5.21,9.1,206.1,3,0.007
13.99,15.7,115.1377803,-8.3710692,612.88,5.75,10.1,201.3,1,0.002
18.71,15.7,115.1378232,-8.3710692,613.23,6.29,11.0,194.1,2,0.004
23.44,15.7,115.1378661,-8.3710692,613.54,6.9,12.1,185.1,4,0.009
28.17,15.7,115.137909,-8.3710692,613.75,7.68,13.5,175.4,9,0.02
32.9,15.7,115.1379519,-8.3710692,613.81,8.66,15.2,166.4,7,0.016
37.62,15.7,115.1379949,-8.3710692,613.65,9.75,17.2,159.0,1,0.002
42.35,15.7,115.1380378,-8.3710692,613.2,10.81,19.1,153.7,2,0.004
47.08,15.7,115.1380807,-8.3710692,612.53,11.68,20.7,150.4,3,0.007
51.8,15.7,115.1381236,-8.3710692,611.73,12.24,21.7,148.9,4,0.009
56.53,15.7,115.1381665,-8.3710692,610.91,12.44,22.1,149.1,5,0.011
61.26,15.7,115.1382094,-8.3710692,610.16,12.31,21.8,150.6,6,0.013
65.98,15.7,115.1382524,-8.3710692,609.52,11.93,21.1,153.3,8,0.018
70.71,15.7,115.1382953,-8.3710692,609.03,11.41,20.2,156.9,21,0.047
75.44,15.7,115.1383382,-8.3710692,608.67,10.82,19.1,160.9,15,0.034
80.16,15.7,115.1383811,-8.3710692,608.47,10.24,18.1,165.1,16,0.036
84.89,15.7,115.138424,-8.3710692,608.4,9.68,17.0,168.9,9,0.02
89.62,15.7,115.1384669,-8.3710692,608.42,9.13,16.1,171.8,21,0.047
-113.63,11.0,115.1366216,-8.3711117,623.86,2.95,5.2,190.1,1,0.002
-108.91,11.0,115.1366645,-8.3711117,623.99,2.64,4.6,163.4,1,0.002
-104.18,11.0,115.1367074,-8.3711117,623.95,3.12,5.5,135.9,2,0.004
-99.45,11.0,115.1367503,-8.3711117,623.54,4.14,7.2,119.5,4,0.009
-94.73,11.0,115.1367932,-8.3711117,623.07,5.27,9.2,111.2,1,0.002
-90.0,11.0,115.1368361,-8.3711117,622.45,6.33,11.1,106.9,2,0.004
-85.27,11.0,115.1368791,-8.3711117,621.71,7.25,12.7,104.6,3,0.007
-80.55,11.0,115.136922,-8.3711117,620.93,8.04,14.1,103.5,4,0.009
-75.82,11.0,115.1369649,-8.3711117,620.15,8.72,15.3,103.0,5,0.011
-71.09,11.0,115.1370078,-8.3711117,619.41,9.31,16.4,102.9,6,0.013
-66.37,11.0,115.1370507,-8.3711117,618.7,9.83,17.3,103.0,7,0.016
-61.64,11.0,115.1370936,-8.3711117,617.95,10.22,18.0,103.1,8,0.018
-56.91,11.0,115.1371366,-8.3711117,617.1,10.41,18.4,103.1,9,0.02
-52.19,11.0,115.1371795,-8.3711117,616.11,10.33,18.2,103.0,10,0.022
-47.46,11.0,115.1372224,-8.3711117,615.04,9.92,17.5,103.0,11,0.025
-42.73,11.0,115.1372653,-8.3711117,614.01,9.15,16.1,103.2,12,0.027
-38.01,11.0,115.1373082,-8.3711117,613.14,8.08,14.2,103.9,13,0.029
-33.28,11.0,115.1373511,-8.3711117,612.55,6.79,11.9,105.8,14,0.031
-28.55,11.0,115.137394,-8.3711117,612.21,5.43,9.5,109.5,15,0.034
-23.83,11.0,115.137437,-8.3711117,612.05,4.15,7.3,116.7,17,0.038
-19.1,11.0,115.1374799,-8.3711117,611.97,3.11,5.4,130.1,141,0.315
-14.37,11.0,115.1375228,-8.3711117,611.91,2.53,4.4,151.6,408,0.911
-9.65,11.0,115.1375657,-8.3711117,611.86,2.53,4.4,175.6,20,0.045
-4.92,11.0,115.1376086,-8.3711117,611.84,2.96,5.2,192.0,66,0.147
-0.19,11.0,115.1376515,-8.3711117,611.9,3.56,6.2,199.8,13,0.029
4.53,11.0,115.1376945,-8.3711117,612.04,4.2,7.3,201.6,6,0.013
9.26,11.0,115.1377374,-8.3711117,612.25,4.83,8.4,199.3,4,0.009
13.99,11.0,115.1377803,-8.3711117,612.49,5.47,9.6,194.0,2,0.004
18.71,11.0,115.1378232,-8.3711117,612.74,6.19,10.8,186.5,3,0.007
23.44,11.0,115.1378661,-8.3711117,612.94,7.06,12.4,178.0,5,0.011
28.17,11.0,115.137909,-8.3711117,613.05,8.1,14.2,169.6,10,0.022
32.9,11.0,115.1379519,-8.3711117,613.01,9.27,16.3,162.2,8,0.018
37.62,11.0,115.1379949,-8.3711117,612.75,10.46,18.5,156.5,1,0.002
42.35,11.0,115.1380378,-8.3711117,612.22,11.51,20.4,152.4,2,0.004
47.08,11.0,115.1380807,-8.3711117,611.48,12.29,21.8,149.9,3,0.007
51.8,11.0,115.1381236,-8.3711117,610.63,12.7,22.5,149.0,4,0.009
56.53,11.0,115.1381665,-8.3711117,609.79,12.73,22.6,149.5,5,0.011
61.26,11.0,115.1382094,-8.3711117,609.05,12.43,22.0,151.3,6,0.013
65.98,11.0,115.1382524,-8.3711117,608.45,11.92,21.1,154.2,7,0.016
70.71,11.0,115.1382953,-8.3711117,608.0,11.3,20.0,158.1,30,0.067
75.44,11.0,115.1383382,-8.3711117,607.7,10.68,18.9,162.5,16,0.036
80.16,11.0,115.1383811,-8.3711117,607.54,10.11,17.8,167.1,17,0.038
84.89,11.0,115.138424,-8.3711117,607.5,9.61,16.9,171.3,10,0.022
-108.91,6.31,115.1366645,-8.3711541,623.89,3.31,5.8,172.6,2,0.004
-104.18,6.31,115.1367074,-8.3711541,623.84,3.55,6.2,147.4,1,0.002
-99.45,6.31,115.1367503,-8.3711541,623.37,4.36,7.6,128.8,3,0.007
-94.73,6.31,115.1367932,-8.3711541,622.89,5.39,9.4,117.8,5,0.011
-90.0,6.31,115.1368361,-8.3711541,622.31,6.4,11.2,111.4,1,0.002
-85.27,6.31,115.1368791,-8.3711541,621.65,7.32,12.8,107.6,2,0.004
-80.55,6.31,115.136922,-8.3711541,620.94,8.12,14.3,105.3,3,0.007
-75.82,6.31,115.1369649,-8.3711541,620.18,8.82,15.5,104.0,4,0.009
-71.09,6.31,115.1370078,-8.3711541,619.41,9.43,16.6,103.3,5,0.011
-66.37,6.31,115.1370507,-8.3711541,618.6,9.92,17.5,103.0,6,0.013
-61.64,6.31,115.1370936,-8.3711541,617.74,10.26,18.1,102.9,7,0.016
-56.91,6.31,115.1371366,-8.3711541,616.83,10.39,18.3,102.8,8,0.018
-52.19,6.31,115.1371795,-8.3711541,615.85,10.23,18.1,102.6,9,0.02
-47.46,6.31,115.1372224,-8.3711541,614.86,9.77,17.2,102.4,10,0.022
-42.73,6.31,115.1372653,-8.3711541,613.93,8.99,15.8,102.6,11,0.025
-38.01,6.31,115.1373082,-8.3711541,613.13,7.95,14.0,103.4,12,0.027
-33.28,6.31,115.1373511,-8.3711541,612.55,6.73,11.8,105.4,13,0.029
-28.55,6.31,115.137394,-8.3711541,612.17,5.46,9.6,109.3,14,0.031
-23.83,6.31,115.137437,-8.3711541,611.93,4.28,7.5,116.6,16,0.036
-19.1,6.31,115.1374799,-8.3711541,611.79,3.31,5.8,129.1,18,0.04
-14.37,6.31,115.1375228,-8.3711541,611.69,2.74,4.8,147.9,142,0.317
-9.65,6.31,115.1375657,-8.3711541,611.63,2.65,4.6,168.7,429,0.958
-4.92,6.31,115.1376086,-8.3711541,611.62,2.94,5.1,184.2,67,0.15
-0.19,6.31,115.1376515,-8.3711541,611.67,3.42,6.0,192.1,14,0.031
4.53,6.31,115.1376945,-8.3711541,611.78,3.98,7.0,193.8,7,0.016
9.26,6.31,115.1377374,-8.3711541,611.93,4.6,8.0,191.0,5,0.011
13.99,6.31,115.1377803,-8.3711541,612.09,5.32,9.3,185.3,3,0.007
18.71,6.31,115.1378232,-8.3711541,612.24,6.21,10.9,177.9,4,0.009
23.44,6.31,115.1378661,-8.3711541,612.33,7.29,12.8,170.4,6,0.013
28.17,6.31,115.137909,-8.3711541,612.32,8.52,15.0,163.5,11,0.025
32.9,6.31,115.1379519,-8.3711541,612.16,9.82,17.3,157.9,1,0.002
37.62,6.31,115.1379949,-8.3711541,611.8,11.03,19.5,153.7,9,0.02
42.35,6.31,115.1380378,-8.3711541,611.2,12.01,21.3,150.8,2,0.004
47.08,6.31,115.1380807,-8.3711541,610.41,12.64,22.4,149.2,3,0.007
51.8,6.31,115.1381236,-8.3711541,609.55,12.87,22.8,148.9,4,0.009
56.53,6.31,115.1381665,-8.3711541,608.71,12.71,22.6,149.8,5,0.011
61.26,6.31,115.1382094,-8.3711541,608.01,12.25,21.7,151.8,6,0.013
65.98,6.31,115.1382524,-8.3711541,607.47,11.61,20.6,155.0,14,0.031
70.71,6.31,115.1382953,-8.3711541,607.08,10.93,19.3,159.0,31,0.069
75.44,6.31,115.1383382,-8.3711541,606.83,10.3,18.2,163.7,17,0.038
80.16,6.31,115.1383811,-8.3711541,606.71,9.78,17.2,168.6,18,0.04
84.89,6.31,115.138424,-8.3711541,606.7,9.37,16.5,173.2,11,0.025
-104.18,1.61,115.1367074,-8.3711966,623.62,4.16,7.3,157.0,1,0.002
-99.45,1.61,115.1367503,-8.3711966,623.11,4.72,8.3,138.5,2,0.004
-94.73,1.61,115.1367932,-8.3711966,622.63,5.58,9.8,125.7,4,0.009
-90.0,1.61,115.1368361,-8.3711966,622.12,6.49,11.4,117.4,6,0.013
-85.27,1.61,115.1368791,-8.3711966,621.57,7.36,12.9,112.1,1,0.002
-80.55,1.61,115.136922,-8.3711966,620.95,8.16,14.3,108.5,2,0.004
-75.82,1.61,115.1369649,-8.3711966,620.25,8.89,15.6,106.3,3,0.007
-71.09,1.61,115.1370078,-8.3711966,619.43,9.51,16.8,104.9,4,0.009
-66.37,1.61,115.1370507,-8.3711966,618.52,10.0,17.6,104.1,5,0.011
-61.64,1.61,115.1370936,-8.3711966,617.55,10.29,18.2,103.6,6,0.013
-56.91,1.61,115.1371366,-8.3711966,616.57,10.35,18.3,103.2,7,0.016
-52.19,1.61,115.1371795,-8.3711966,615.61,10.14,17.9,102.9,8,0.018
-47.46,1.61,115.1372224,-8.3711966,614.71,9.64,17.0,102.8,9,0.02
-42.73,1.61,115.1372653,-8.3711966,613.88,8.87,15.6,103.0,10,0.022
-38.01,1.61,115.1373082,-8.3711966,613.16,7.89,13.9,103.9,11,0.025
-33.28,1.61,115.1373511,-8.3711966,612.57,6.76,11.9,106.1,12,0.027
-28.55,1.61,115.137394,-8.3711966,612.11,5.59,9.8,110.3,13,0.029
-23.83,1.61,115.137437,-8.3711966,611.76,4.49,7.9,117.6,15,0.034
-19.1,1.61,115.1374799,-8.3711966,611.53,3.59,6.3,129.3,17,0.038
-14.37,1.61,115.1375228,-8.3711966,611.39,3.03,5.3,145.7,19,0.042
-9.65,1.61,115.1375657,-8.3711966,611.33,2.87,5.0,163.6,572,1.278
-4.92,1.61,115.1376086,-8.3711966,611.34,3.05,5.3,177.4,68,0.152
-0.19,1.61,115.1376515,-8.3711966,611.4,3.43,6.0,184.5,15,0.034
4.53,1.61,115.1376945,-8.3711966,611.5,3.93,6.9,185.4,8,0.018
9.26,1.61,115.1377374,-8.3711966,611.61,4.55,8.0,182.0,6,0.013
13.99,1.61,115.1377803,-8.3711966,611.71,5.36,9.4,176.0,4,0.009
18.71,1.61,115.1378232,-8.3711966,611.75,6.39,11.2,169.2,5,0.011
23.44,1.61,115.1378661,-8.3711966,611.72,7.63,13.4,162.9,7,0.016
28.17,1.61,115.137909,-8.3711966,611.57,8.99,15.8,157.7,1,0.002
32.9,1.61,115.1379519,-8.3711966,611.29,10.33,18.2,153.7,12,0.027
37.62,1.61,115.1379949,-8.3711966,610.82,11.49,20.3,150.8,2,0.004
42.35,1.61,115.1380378,-8.3711966,610.15,12.33,21.9,149.1,10,0.022
47.08,1.61,115.1380807,-8.3711966,609.34,12.77,22.7,148.3,3,0.007
51.8,1.61,115.1381236,-8.3711966,608.49,12.79,22.7,148.6,4,0.009
56.53,1.61,115.1381665,-8.3711966,607.69,12.44,22.1,150.0,5,0.011
61.26,1.61,115.1382094,-8.3711966,607.05,11.83,20.9,152.3,6,0.013
65.98,1.61,115.1382524,-8.3711966,606.59,11.1,19.6,155.7,21,0.047
70.71,1.61,115.1382953,-8.3711966,606.27,10.38,18.3,159.9,32,0.071
75.44,1.61,115.1383382,-8.3711966,606.07,9.77,17.2,164.7,18,0.04
80.16,1.61,115.1383811,-8.3711966,605.98,9.32,16.4,169.7,19,0.042
-99.45,-3.08,115.1367503,-8.3712391,622.75,5.23,9.1,147.3,2,0.004
-94.73,-3.08,115.1367932,-8.3712391,622.31,5.87,10.3,134.0,3,0.007
-90.0,-3.08,115.1368361,-8.3712391,621.87,6.65,11.7,124.5,5,0.011
-85.27,-3.08,115.1368791,-8.3712391,621.42,7.45,13.1,117.9,7,0.016
-80.55,-3.08,115.136922,-8.3712391,620.89,8.23,14.5,113.2,1,0.002
-75.82,-3.08,115.1369649,-8.3712391,620.24,8.96,15.8,110.1,1,0.002
-71.09,-3.08,115.1370078,-8.3712391,619.4,9.59,16.9,107.9,2,0.004
-66.37,-3.08,115.1370507,-8.3712391,618.41,10.06,17.7,106.5,3,0.007
-61.64,-3.08,115.1370936,-8.3712391,617.37,10.31,18.2,105.5,4,0.009
-56.91,-3.08,115.1371366,-8.3712391,616.34,10.32,18.2,104.8,5,0.011
-52.19,-3.08,115.1371795,-8.3712391,615.41,10.06,17.7,104.3,6,0.013
-47.46,-3.08,115.1372224,-8.3712391,614.58,9.55,16.8,104.1,7,0.016
-42.73,-3.08,115.1372653,-8.3712391,613.84,8.81,15.5,104.4,8,0.018
-38.01,-3.08,115.1373082,-8.3712391,613.17,7.9,13.9,105.5,9,0.02
-33.28,-3.08,115.1373511,-8.3712391,612.55,6.86,12.0,107.8,10,0.022
-28.55,-3.08,115.137394,-8.3712391,612.01,5.79,10.1,112.1,11,0.025
-23.83,-3.08,115.137437,-8.3712391,611.56,4.76,8.3,119.2,14,0.031
-19.1,-3.08,115.1374799,-8.3712391,611.24,3.9,6.8,130.0,16,0.036
-14.37,-3.08,115.1375228,-8.3712391,611.06,3.33,5.8,144.6,18,0.04
-9.65,-3.08,115.1375657,-8.3712391,611.0,3.13,5.5,160.1,592,1.322
-4.92,-3.08,115.1376086,-8.3712391,611.04,3.24,5.7,171.9,69,0.154
-0.19,-3.08,115.1376515,-8.3712391,611.13,3.56,6.2,177.6,16,0.036
4.53,-3.08,115.1376945,-8.3712391,611.23,4.03,7.0,177.4,9,0.02
9.26,-3.08,115.1377374,-8.3712391,611.32,4.69,8.2,173.2,7,0.016
13.99,-3.08,115.1377803,-8.3712391,611.35,5.59,9.8,167.1,5,0.011
18.71,-3.08,115.1378232,-8.3712391,611.3,6.75,11.8,161.1,1,0.002
23.44,-3.08,115.1378661,-8.3712391,611.14,8.11,14.2,156.1,6,0.013
28.17,-3.08,115.137909,-8.3712391,610.84,9.52,16.8,152.3,8,0.018
32.9,-3.08,115.1379519,-8.3712391,610.4,10.81,19.1,149.8,2,0.004
37.62,-3.08,115.1379949,-8.3712391,609.82,11.85,21.0,148.2,13,0.029
42.35,-3.08,115.1380378,-8.3712391,609.09,12.5,22.2,147.4,3,0.007
47.08,-3.08,115.1380807,-8.3712391,608.27,12.72,22.6,147.5,11,0.025
51.8,-3.08,115.1381236,-8.3712391,607.45,12.52,22.2,148.5,4,0.009
56.53,-3.08,115.1381665,-8.3712391,606.73,11.99,21.2,150.3,5,0.011
61.26,-3.08,115.1382094,-8.3712391,606.17,11.25,19.9,153.0,6,0.013
65.98,-3.08,115.1382524,-8.3712391,605.79,10.45,18.4,156.5,28,0.063
70.71,-3.08,115.1382953,-8.3712391,605.55,9.73,17.1,160.8,33,0.074
75.44,-3.08,115.1383382,-8.3712391,605.4,9.17,16.1,165.5,19,0.042
80.16,-3.08,115.1383811,-8.3712391,605.32,8.8,15.5,170.4,20,0.045
-94.73,-7.78,115.1367932,-8.3712815,621.93,6.29,11.0,141.7,3,0.007
-90.0,-7.78,115.1368361,-8.3712815,621.56,6.93,12.2,131.8,4,0.009
-85.27,-7.78,115.1368791,-8.3712815,621.17,7.65,13.4,124.4,6,0.013
-80.55,-7.78,115.136922,-8.3712815,620.7,8.39,14.7,119.0,8,0.018
-75.82,-7.78,115.1369649,-8.3712815,620.07,9.09,16.0,115.0,2,0.004
-71.09,-7.78,115.1370078,-8.3712815,619.24,9.69,17.1,112.1,1,0.002
-66.37,-7.78,115.1370507,-8.3712815,618.24,10.12,17.8,110.1,2,0.004
-61.64,-7.78,115.1370936,-8.3712815,617.18,10.33,18.2,108.6,3,0.007
-56.91,-7.78,115.1371366,-8.3712815,616.15,10.29,18.2,107.6,4,0.009
-52.19,-7.78,115.1371795,-8.3712815,615.24,10.0,17.6,106.9,5,0.011
-47.46,-7.78,115.1372224,-8.3712815,614.46,9.5,16.7,106.7,6,0.013
-42.73,-7.78,115.1372653,-8.3712815,613.77,8.8,15.5,107.0,7,0.016
-38.01,-7.78,115.1373082,-8.3712815,613.12,7.96,14.0,108.1,8,0.018
-33.28,-7.78,115.1373511,-8.3712815,612.48,7.01,12.3,110.5,9,0.02
-28.55,-7.78,115.137394,-8.3712815,611.87,6.01,10.5,114.7,1,0.002
-23.83,-7.78,115.137437,-8.3712815,611.35,5.04,8.8,121.3,12,0.027
-19.1,-7.78,115.1374799,-8.3712815,610.96,4.2,7.3,131.1,15,0.034
-14.37,-7.78,115.1375228,-8.3712815,610.76,3.63,6.3,144.0,17,0.038
-9.65,-7.78,115.1375657,-8.3712815,610.71,3.39,5.9,157.5,611,1.365
-4.92,-7.78,115.1376086,-8.3712815,610.77,3.47,6.1,167.5,70,0.156
-0.19,-7.78,115.1376515,-8.3712815,610.88,3.78,6.6,171.6,17,0.038
4.53,-7.78,115.1376945,-8.3712815,611.0,4.28,7.5,170.1,10,0.022
9.26,-7.78,115.1377374,-8.3712815,611.07,5.02,8.8,165.3,8,0.018
13.99,-7.78,115.1377803,-8.3712815,611.05,6.04,10.6,159.4,1,0.002
18.71,-7.78,115.1378232,-8.3712815,610.91,7.31,12.8,154.2,6,0.013
23.44,-7.78,115.1378661,-8.3712815,610.6,8.72,15.3,150.4,2,0.004
28.17,-7.78,115.137909,-8.3712815,610.13,10.1,17.8,147.8,7,0.016
32.9,-7.78,115.1379519,-8.3712815,609.52,11.28,19.9,146.3,9,0.02
37.62,-7.78,115.1379949,-8.3712815,608.81,12.12,21.5,145.8,3,0.007
42.35,-7.78,115.1380378,-8.3712815,608.02,12.54,22.2,145.9,14,0.031
47.08,-7.78,115.1380807,-8.3712815,607.21,12.52,22.2,146.9,4,0.009
51.8,-7.78,115.1381236,-8.3712815,606.46,12.1,21.4,148.5,12,0.027
56.53,-7.78,115.1381665,-8.3712815,605.82,11.4,20.2,150.8,5,0.011
61.26,-7.78,115.1382094,-8.3712815,605.36,10.57,18.7,153.9,6,0.013
65.98,-7.78,115.1382524,-8.3712815,605.08,9.75,17.2,157.6,35,0.078
70.71,-7.78,115.1382953,-8.3712815,604.92,9.06,15.9,161.7,34,0.076
75.44,-7.78,115.1383382,-8.3712815,604.81,8.56,15.0,166.1,20,0.045
-90.0,-12.47,115.1368361,-8.371324,621.18,7.33,12.9,138.4,4,0.009
-85.27,-12.47,115.1368791,-8.371324,620.81,7.98,14.0,130.9,5,0.011
-80.55,-12.47,115.136922,-8.371324,620.34,8.65,15.2,125.0,7,0.016
-75.82,-12.47,115.1369649,-8.371324,619.72,9.3,16.4,120.6,9,0.02
-71.09,-12.47,115.1370078,-8.371324,618.91,9.85,17.4,117.2,3,0.007
-66.37,-12.47,115.1370507,-8.371324,617.96,10.22,18.0,114.6,1,0.002
-61.64,-12.47,115.1370936,-8.371324,616.96,10.38,18.3,112.8,1,0.002
-56.91,-12.47,115.1371366,-8.371324,615.98,10.3,18.2,111.4,1,0.002
-52.19,-12.47,115.1371795,-8.371324,615.11,9.99,17.6,110.6,2,0.004
-47.46,-12.47,115.1372224,-8.371324,614.34,9.5,16.7,110.3,3,0.007
-42.73,-12.47,115.1372653,-8.371324,613.64,8.84,15.6,110.5,4,0.009
-38.01,-12.47,115.1373082,-8.371324,612.98,8.05,14.2,111.6,5,0.011
-33.28,-12.47,115.1373511,-8.371324,612.31,7.17,12.6,113.8,1,0.002
-28.55,-12.47,115.137394,-8.371324,611.68,6.22,10.9,117.7,10,0.022
-23.83,-12.47,115.137437,-8.371324,611.12,5.29,9.3,123.7,2,0.004
-19.1,-12.47,115.1374799,-8.371324,610.72,4.47,7.8,132.5,13,0.029
-14.37,-12.47,115.1375228,-8.371324,610.51,3.9,6.8,143.9,16,0.036
-9.65,-12.47,115.1375657,-8.371324,610.46,3.67,6.4,155.5,629,1.405
-4.92,-12.47,115.1376086,-8.371324,610.54,3.76,6.6,163.7,71,0.159
-0.19,-12.47,115.1376515,-8.371324,610.66,4.11,7.2,166.2,18,0.04
4.53,-12.47,115.1376945,-8.371324,610.79,4.7,8.2,163.9,11,0.025
9.26,-12.47,115.1377374,-8.371324,610.84,5.55,9.7,158.8,1,0.002
13.99,-12.47,115.1377803,-8.371324,610.79,6.69,11.7,153.4,9,0.02
18.71,-12.47,115.1378232,-8.371324,610.55,8.04,14.1,149.0,2,0.004
23.44,-12.47,115.1378661,-8.371324,610.1,9.43,16.6,146.0,7,0.016
28.17,-12.47,115.137909,-8.371324,609.44,10.71,18.9,144.2,3,0.007
32.9,-12.47,115.1379519,-8.371324,608.66,11.71,20.7,143.6,8,0.018
37.62,-12.47,115.1379949,-8.371324,607.81,12.31,21.8,143.8,10,0.022
42.35,-12.47,115.1380378,-8.371324,606.97,12.46,22.1,144.7,4,0.009
47.08,-12.47,115.1380807,-8.371324,606.18,12.18,21.6,146.3,15,0.034
51.8,-12.47,115.1381236,-8.371324,605.5,11.56,20.5,148.7,5,0.011
56.53,-12.47,115.1381665,-8.371324,604.97,10.74,19.0,151.6,13,0.029
61.26,-12.47,115.1382094,-8.371324,604.63,9.86,17.4,155.1,12,0.027
65.98,-12.47,115.1382524,-8.371324,604.45,9.05,15.9,159.0,36,0.08
70.71,-12.47,115.1382953,-8.371324,604.36,8.41,14.8,162.8,35,0.078
75.44,-12.47,115.1383382,-8.371324,604.29,7.96,14.0,166.7,21,0.047
-85.27,-17.17,115.1368791,-8.3713664,620.33,8.4,14.8,136.4,5,0.011
-80.55,-17.17,115.136922,-8.3713664,619.84,9.02,15.9,130.6,6,0.013
-75.82,-17.17,115.1369649,-8.3713664,619.21,9.6,16.9,126.0,8,0.018
-71.09,-17.17,115.1370078,-8.3713664,618.45,10.08,17.8,122.4,10,0.022
-66.37,-17.17,115.1370507,-8.3713664,617.58,10.39,18.3,119.7,4,0.009
-61.64,-17.17,115.1370936,-8.3713664,616.67,10.48,18.5,117.6,2,0.004
-56.91,-17.17,115.1371366,-8.3713664,615.77,10.36,18.3,116.1,2,0.004
-52.19,-17.17,115.1371795,-8.3713664,614.93,10.04,17.7,115.1,1,0.002
-47.46,-17.17,115.1372224,-8.3713664,614.16,9.55,16.8,114.7,1,0.002
-42.73,-17.17,115.1372653,-8.3713664,613.44,8.91,15.7,114.8,1,0.002
-38.01,-17.17,115.1373082,-8.3713664,612.75,8.16,14.3,115.7,1,0.002
-33.28,-17.17,115.1373511,-8.3713664,612.06,7.31,12.8,117.6,6,0.013
-28.55,-17.17,115.137394,-8.3713664,611.43,6.4,11.2,120.9,2,0.004
-23.83,-17.17,115.137437,-8.3713664,610.88,5.49,9.6,126.3,11,0.025
-19.1,-17.17,115.1374799,-8.3713664,610.48,4.7,8.2,134.1,3,0.007
-14.37,-17.17,115.1375228,-8.3713664,610.28,4.17,7.3,144.0,14,0.031
-9.65,-17.17,115.1375657,-8.3713664,610.25,3.98,7.0,153.8,17,0.038
-4.92,-17.17,115.1376086,-8.3713664,610.32,4.13,7.2,160.1,701,1.566
-0.19,-17.17,115.1376515,-8.3713664,610.44,4.56,8.0,161.4,19,0.042
4.53,-17.17,115.1376945,-8.3713664,610.55,5.27,9.2,158.6,1,0.002
9.26,-17.17,115.1377374,-8.3713664,610.59,6.26,11.0,153.9,12,0.027
13.99,-17.17,115.1377803,-8.3713664,610.48,7.5,13.2,149.1,2,0.004
18.71,-17.17,115.1378232,-8.3713664,610.15,8.86,15.6,145.4,10,0.022
23.44,-17.17,115.1378661,-8.3713664,609.55,10.19,18.0,142.9,3,0.007
28.17,-17.17,115.137909,-8.3713664,608.73,11.3,20.0,141.7,8,0.018
32.9,-17.17,115.1379519,-8.3713664,607.79,12.05,21.3,141.5,4,0.009
37.62,-17.17,115.1379949,-8.3713664,606.82,12.37,21.9,142.2,9,0.02
42.35,-17.17,115.1380378,-8.3713664,605.95,12.23,21.7,143.7,11,0.025
47.08,-17.17,115.1380807,-8.3713664,605.2,11.72,20.7,146.0,5,0.011
51.8,-17.17,115.1381236,-8.3713664,604.6,10.93,19.3,149.0,16,0.036
56.53,-17.17,115.1381665,-8.3713664,604.18,10.02,17.7,152.7,6,0.013
61.26,-17.17,115.1382094,-8.3713664,603.96,9.13,16.1,156.6,26,0.058
65.98,-17.17,115.1382524,-8.3713664,603.88,8.37,14.7,160.6,37,0.083
70.71,-17.17,115.1382953,-8.3713664,603.86,7.79,13.7,164.1,36,0.08
-80.55,-21.87,115.136922,-8.3714089,619.21,9.42,16.6,135.1,6,0.013
-75.82,-21.87,115.1369649,-8.3714089,618.58,9.95,17.5,130.7,7,0.016
-71.09,-21.87,115.1370078,-8.3714089,617.86,10.36,18.3,127.2,9,0.02
-66.37,-21.87,115.1370507,-8.3714089,617.09,10.6,18.7,124.5,11,0.025
-61.64,-21.87,115.1370936,-8.3714089,616.27,10.65,18.8,122.5,5,0.011
-56.91,-21.87,115.1371366,-8.3714089,615.45,10.48,18.5,121.0,3,0.007
-52.19,-21.87,115.1371795,-8.3714089,614.65,10.13,17.9,120.0,3,0.007
-47.46,-21.87,115.1372224,-8.3714089,613.88,9.62,16.9,119.4,2,0.004
-42.73,-21.87,115.1372653,-8.3714089,613.13,8.98,15.8,119.4,2,0.004
-38.01,-21.87,115.1373082,-8.3714089,612.42,8.22,14.5,120.0,2,0.004
-33.28,-21.87,115.1373511,-8.3714089,611.73,7.38,13.0,121.5,2,0.004
-28.55,-21.87,115.137394,-8.3714089,611.11,6.49,11.4,124.2,7,0.016
-23.83,-21.87,115.137437,-8.3714089,610.6,5.61,9.8,128.8,3,0.007
-19.1,-21.87,115.1374799,-8.3714089,610.23,4.88,8.5,135.6,12,0.027
-14.37,-21.87,115.1375228,-8.3714089,610.05,4.41,7.7,144.0,4,0.009
-9.65,-21.87,115.1375657,-8.3714089,610.02,4.3,7.5,151.9,15,0.034
-4.92,-21.87,115.1376086,-8.3714089,610.09,4.55,8.0,156.5,18,0.04
-0.19,-21.87,115.1376515,-8.3714089,610.18,5.12,9.0,156.9,702,1.568
4.53,-21.87,115.1376945,-8.3714089,610.26,5.97,10.5,154.1,20,0.045
9.26,-21.87,115.1377374,-8.3714089,610.23,7.08,12.4,150.0,2,0.004
13.99,-21.87,115.1377803,-8.3714089,610.04,8.37,14.7,146.0,13,0.029
18.71,-21.87,115.1378232,-8.3714089,609.62,9.7,17.1,142.9,3,0.007
23.44,-21.87,115.1378661,-8.3714089,608.89,10.88,19.2,140.9,11,0.025
28.17,-21.87,115.137909,-8.3714089,607.94,11.77,20.8,139.9,4,0.009
32.9,-21.87,115.1379519,-8.3714089,606.88,12.24,21.7,140.0,9,0.02
37.62,-21.87,115.1379949,-8.3714089,605.85,12.26,21.7,141.0,5,0.011
42.35,-21.87,115.1380378,-8.3714089,604.97,11.85,21.0,143.0,10,0.022
47.08,-21.87,115.1380807,-8.3714089,604.27,11.12,19.7,145.8,12,0.027
51.8,-21.87,115.1381236,-8.3714089,603.77,10.21,18.0,149.5,6,0.013
56.53,-21.87,115.1381665,-8.3714089,603.46,9.27,16.3,153.8,23,0.051
61.26,-21.87,115.1382094,-8.3714089,603.34,8.42,14.8,158.3,27,0.06
65.98,-21.87,115.1382524,-8.3714089,603.34,7.74,13.6,162.3,38,0.085
-75.82,-26.56,115.1369649,-8.3714514,617.87,10.28,18.1,134.2,7,0.016
-71.09,-26.56,115.1370078,-8.3714514,617.19,10.64,18.8,131.1,8,0.018
-66.37,-26.56,115.1370507,-8.3714514,616.47,10.83,19.1,128.6,10,0.022
-61.64,-26.56,115.1370936,-8.3714514,615.73,10.82,19.1,126.8,12,0.027
-56.91,-26.56,115.1371366,-8.3714514,614.97,10.61,18.7,125.5,6,0.013
-52.19,-26.56,115.1371795,-8.3714514,614.2,10.21,18.0,124.6,4,0.009
-47.46,-26.56,115.1372224,-8.3714514,613.44,9.66,17.0,124.0,4,0.009
-42.73,-26.56,115.1372653,-8.3714514,612.7,8.98,15.8,123.8,3,0.007
-38.01,-26.56,115.1373082,-8.3714514,611.99,8.19,14.4,124.1,3,0.007
-33.28,-26.56,115.1373511,-8.3714514,611.33,7.34,12.9,125.1,3,0.007
-28.55,-26.56,115.137394,-8.3714514,610.75,6.45,11.3,127.2,3,0.007
-23.83,-26.56,115.137437,-8.3714514,610.27,5.63,9.9,130.9,8,0.018
-19.1,-26.56,115.1374799,-8.3714514,609.94,4.98,8.7,136.5,4,0.009
-14.37,-26.56,115.1375228,-8.3714514,609.78,4.62,8.1,143.3,13,0.029
-9.65,-26.56,115.1375657,-8.3714514,609.76,4.63,8.1,149.3,5,0.011
-4.92,-26.56,115.1376086,-8.3714514,609.8,5.01,8.8,152.5,16,0.036
-0.19,-26.56,115.1376515,-8.3714514,609.85,5.73,10.0,152.4,19,0.042
4.53,-26.56,115.1376945,-8.3714514,609.84,6.72,11.8,150.0,703,1.57
9.26,-26.56,115.1377374,-8.3714514,609.71,7.92,13.9,146.7,21,0.047
13.99,-26.56,115.1377803,-8.3714514,609.41,9.2,16.2,143.6,3,0.007
18.71,-26.56,115.1378232,-8.3714514,608.87,10.42,18.4,141.0,14,0.031
23.44,-26.56,115.1378661,-8.3714514,608.05,11.41,20.2,139.4,4,0.009
28.17,-26.56,115.137909,-8.3714514,607.03,12.03,21.3,138.6,12,0.027
32.9,-26.56,115.1379519,-8.3714514,605.93,12.21,21.6,138.8,5,0.011
37.62,-26.56,115.1379949,-8.3714514,604.9,11.94,21.1,140.0,10,0.022
42.35,-26.56,115.1380378,-8.3714514,604.06,11.3,20.0,142.3,6,0.013
47.08,-26.56,115.1380807,-8.3714514,603.44,10.41,18.4,145.6,11,0.025
51.8,-26.56,115.1381236,-8.3714514,603.02,9.43,16.6,149.9,13,0.029
56.53,-26.56,115.1381665,-8.3714514,602.8,8.5,15.0,154.9,30,0.067
61.26,-26.56,115.1382094,-8.3714514,602.75,7.74,13.6,159.9,28,0.063
-71.09,-31.26,115.1370078,-8.3714938,616.46,10.83,19.1,133.6,8,0.018
-66.37,-31.26,115.1370507,-8.3714938,615.76,10.98,19.4,131.5,9,0.02
-61.64,-31.26,115.1370936,-8.3714938,615.04,10.93,19.3,130.0,11,0.025
-56.91,-31.26,115.1371366,-8.3714938,614.3,10.67,18.8,129.0,13,0.029
-52.19,-31.26,115.1371795,-8.3714938,613.57,10.21,18.0,128.3,7,0.016
-47.46,-31.26,115.1372224,-8.3714938,612.84,9.59,16.9,127.9,5,0.011
-42.73,-31.26,115.1372653,-8.3714938,612.14,8.84,15.6,127.7,5,0.011
-38.01,-31.26,115.1373082,-8.3714938,611.48,8.0,14.1,127.7,4,0.009
-33.28,-31.26,115.1373511,-8.3714938,610.87,7.13,12.5,128.3,4,0.009
-28.55,-31.26,115.137394,-8.3714938,610.34,6.27,11.0,129.7,4,0.009
-23.83,-31.26,115.137437,-8.3714938,609.91,5.52,9.7,132.4,4,0.009
-19.1,-31.26,115.1374799,-8.3714938,609.62,4.99,8.7,136.6,9,0.02
-14.37,-31.26,115.1375228,-8.3714938,609.48,4.77,8.3,141.6,5,0.011
-9.65,-31.26,115.1375657,-8.3714938,609.45,4.94,8.6,145.9,14,0.031
-4.92,-31.26,115.1376086,-8.3714938,609.46,5.47,9.6,147.9,6,0.013
-0.19,-31.26,115.1376515,-8.3714938,609.44,6.33,11.1,147.7,17,0.038
4.53,-31.26,115.1376945,-8.3714938,609.3,7.43,13.0,145.9,20,0.045
9.26,-31.26,115.1377374,-8.3714938,609.02,8.66,15.2,143.5,704,1.573
13.99,-31.26,115.1377803,-8.3714938,608.56,9.87,17.4,141.2,22,0.049
18.71,-31.26,115.1378232,-8.3714938,607.9,10.93,19.3,139.3,4,0.009
23.44,-31.26,115.1378661,-8.3714938,607.02,11.67,20.7,138.0,15,0.034
28.17,-31.26,115.137909,-8.3714938,606.0,12.01,21.3,137.4,5,0.011
32.9,-31.26,115.1379519,-8.3714938,604.96,11.91,21.1,137.8,13,0.029
37.62,-31.26,115.1379949,-8.3714938,604.0,11.39,20.1,139.1,6,0.013
42.35,-31.26,115.1380378,-8.3714938,603.24,10.56,18.6,141.6,11,0.025
47.08,-31.26,115.1380807,-8.3714938,602.7,9.57,16.9,145.3,7,0.016
51.8,-31.26,115.1381236,-8.3714938,602.37,8.58,15.1,150.1,12,0.027
56.53,-31.26,115.1381665,-8.3714938,602.2,7.73,13.6,155.7,44,0.098
61.26,-31.26,115.1382094,-8.3714938,602.19,7.08,12.4,161.1,29,0.065
-71.09,-35.95,115.1370078,-8.3715363,615.69,10.84,19.2,134.6,7,0.016
-66.37,-35.95,115.1370507,-8.3715363,614.98,10.97,19.4,133.0,9,0.02
-61.64,-35.95,115.1370936,-8.3715363,614.25,10.88,19.2,131.9,10,0.022
-56.91,-35.95,115.1371366,-8.3715363,613.52,10.56,18.6,131.3,12,0.027
-52.19,-35.95,115.1371795,-8.3715363,612.81,10.03,17.7,130.9,14,0.031
-47.46,-35.95,115.1372224,-8.3715363,612.14,9.33,16.4,130.8,8,0.018
-42.73,-35.95,115.1372653,-8.3715363,611.52,8.5,15.0,130.6,6,0.013
-38.01,-35.95,115.1373082,-8.3715363,610.93,7.61,13.4,130.6,6,0.013
-33.28,-35.95,115.1373511,-8.3715363,610.41,6.73,11.8,130.7,5,0.011
-28.55,-35.95,115.137394,-8.3715363,609.95,5.92,10.4,131.4,5,0.011
-23.83,-35.95,115.137437,-8.3715363,609.58,5.29,9.3,132.9,5,0.011
-19.1,-35.95,115.1374799,-8.3715363,609.32,4.91,8.6,135.5,5,0.011
-14.37,-35.95,115.1375228,-8.3715363,609.19,4.88,8.5,138.7,10,0.022
-9.65,-35.95,115.1375657,-8.3715363,609.14,5.22,9.1,141.4,6,0.013
-4.92,-35.95,115.1376086,-8.3715363,609.09,5.92,10.4,142.7,15,0.034
-0.19,-35.95,115.1376515,-8.3715363,608.96,6.9,12.1,142.7,7,0.016
4.53,-35.95,115.1376945,-8.3715363,608.68,8.04,14.1,141.7,18,0.04
9.26,-35.95,115.1377374,-8.3715363,608.22,9.23,16.2,140.2,21,0.047
13.99,-35.95,115.1377803,-8.3715363,607.6,10.31,18.2,138.7,705,1.575
18.71,-35.95,115.1378232,-8.3715363,606.84,11.14,19.7,137.3,23,0.051
23.44,-35.95,115.1378661,-8.3715363,605.94,11.62,20.6,136.4,5,0.011
28.17,-35.95,115.137909,-8.3715363,604.97,11.69,20.7,136.1,16,0.036
32.9,-35.95,115.1379519,-8.3715363,604.02,11.34,20.1,136.5,6,0.013
37.62,-35.95,115.1379949,-8.3715363,603.18,10.63,18.8,137.9,14,0.031
42.35,-35.95,115.1380378,-8.3715363,602.53,9.68,17.1,140.5,7,0.016
47.08,-35.95,115.1380807,-8.3715363,602.08,8.66,15.2,144.5,12,0.027
51.8,-35.95,115.1381236,-8.3715363,601.81,7.72,13.6,149.8,8,0.018
56.53,-35.95,115.1381665,-8.3715363,601.68,6.97,12.2,155.8,57,0.127
-66.37,-40.65,115.1370507,-8.3715787,614.18,10.73,19.0,132.8,8,0.018
-61.64,-40.65,115.1370936,-8.3715787,613.42,10.59,18.7,132.1,10,0.022
-56.91,-40.65,115.1371366,-8.3715787,612.68,10.21,18.0,131.9,11,0.025
-52.19,-40.65,115.1371795,-8.3715787,612.01,9.6,16.9,132.0,13,0.029
-47.46,-40.65,115.1372224,-8.3715787,611.41,8.82,15.5,132.3,15,0.034
-42.73,-40.65,115.1372653,-8.3715787,610.87,7.94,13.9,132.5,9,0.02
-38.01,-40.65,115.1373082,-8.3715787,610.4,7.02,12.3,132.5,7,0.016
-33.28,-40.65,115.1373511,-8.3715787,609.98,6.16,10.8,132.3,7,0.016
-28.55,-40.65,115.137394,-8.3715787,609.62,5.45,9.5,132.2,6,0.013
-23.83,-40.65,115.137437,-8.3715787,609.32,4.97,8.7,132.5,6,0.013
-19.1,-40.65,115.1374799,-8.3715787,609.11,4.8,8.4,133.4,6,0.013
-14.37,-40.65,115.1375228,-8.3715787,608.97,4.98,8.7,134.8,6,0.013
-9.65,-40.65,115.1375657,-8.3715787,608.86,5.52,9.7,136.2,11,0.025
-4.92,-40.65,115.1376086,-8.3715787,608.71,6.35,11.1,137.2,7,0.016
-0.19,-40.65,115.1376515,-8.3715787,608.45,7.39,13.0,137.5,16,0.036
4.53,-40.65,115.1376945,-8.3715787,608.01,8.52,15.0,137.2,8,0.018
9.26,-40.65,115.1377374,-8.3715787,607.39,9.59,16.9,136.5,19,0.042
13.99,-40.65,115.1377803,-8.3715787,606.64,10.47,18.5,135.7,22,0.049
18.71,-40.65,115.1378232,-8.3715787,605.8,11.06,19.5,135.0,706,1.577
23.44,-40.65,115.1378661,-8.3715787,604.92,11.28,19.9,134.4,24,0.054
28.17,-40.65,115.137909,-8.3715787,604.03,11.1,19.6,134.3,6,0.013
32.9,-40.65,115.1379519,-8.3715787,603.2,10.55,18.6,134.9,17,0.038
37.62,-40.65,115.1379949,-8.3715787,602.49,9.72,17.1,136.3,7,0.016
42.35,-40.65,115.1380378,-8.3715787,601.96,8.73,15.4,139.0,15,0.034
47.08,-40.65,115.1380807,-8.3715787,601.59,7.73,13.6,143.2,8,0.018
51.8,-40.65,115.1381236,-8.3715787,601.36,6.88,12.1,148.7,13,0.029
-56.91,-45.34,115.1371366,-8.3716212,611.86,9.59,16.9,130.8,11,0.025
-52.19,-45.34,115.1371795,-8.3716212,611.22,8.92,15.7,131.4,12,0.027
-47.46,-45.34,115.1372224,-8.3716212,610.7,8.08,14.2,132.1,14,0.031
-42.73,-45.34,115.1372653,-8.3716212,610.27,7.17,12.6,132.8,16,0.036
-38.01,-45.34,115.1373082,-8.3716212,609.92,6.27,11.0,133.2,10,0.022
-33.28,-45.34,115.1373511,-8.3716212,609.64,5.49,9.6,133.0,8,0.018
-28.55,-45.34,115.137394,-8.3716212,609.41,4.93,8.6,132.2,8,0.018
-23.83,-45.34,115.137437,-8.3716212,609.21,4.66,8.1,131.1,7,0.016
-19.1,-45.34,115.1374799,-8.3716212,609.03,4.72,8.3,130.4,7,0.016
-14.37,-45.34,115.1375228,-8.3716212,608.86,5.13,9.0,130.4,7,0.016
-9.65,-45.34,115.1375657,-8.3716212,608.64,5.84,10.2,131.0,7,0.016
-4.92,-45.34,115.1376086,-8.3716212,608.35,6.78,11.9,131.7,12,0.027
-0.19,-45.34,115.1376515,-8.3716212,607.93,7.82,13.7,132.3,8,0.018
4.53,-45.34,115.1376945,-8.3716212,607.34,8.85,15.6,132.6,17,0.038
9.26,-45.34,115.1377374,-8.3716212,606.61,9.75,17.2,132.6,9,0.02
13.99,-45.34,115.1377803,-8.3716212,605.8,10.4,18.4,132.4,20,0.045
18.71,-45.34,115.1378232,-8.3716212,604.94,10.73,19.0,132.1,23,0.051
23.44,-45.34,115.1378661,-8.3716212,604.09,10.7,18.9,131.9,707,1.579
28.17,-45.34,115.137909,-8.3716212,603.29,10.33,18.2,132.0,25,0.056
32.9,-45.34,115.1379519,-8.3716212,602.58,9.64,17.0,132.7,7,0.016
37.62,-45.34,115.1379949,-8.3716212,601.98,8.76,15.4,134.3,18,0.04
42.35,-45.34,115.1380378,-8.3716212,601.54,7.79,13.7,137.0,8,0.018
47.08,-45.34,115.1380807,-8.3716212,601.23,6.87,12.0,141.1,16,0.036
-47.46,-50.04,115.1372224,-8.3716636,610.07,7.18,12.6,129.9,13,0.029
-42.73,-50.04,115.1372653,-8.3716636,609.74,6.28,11.0,131.2,15,0.034
-38.01,-50.04,115.1373082,-8.3716636,609.52,5.46,9.6,132.2,17,0.038
-33.28,-50.04,115.1373511,-8.3716636,609.39,4.83,8.4,132.3,11,0.025
-28.55,-50.04,115.137394,-8.3716636,609.31,4.46,7.8,131.2,9,0.02
-23.83,-50.04,115.137437,-8.3716636,609.23,4.43,7.7,129.3,9,0.02
-19.1,-50.04,115.1374799,-8.3716636,609.09,4.74,8.3,127.5,8,0.018
-14.37,-50.04,115.1375228,-8.3716636,608.85,5.36,9.4,126.5,8,0.018
-9.65,-50.04,115.1375657,-8.3716636,608.48,6.22,10.9,126.4,8,0.018
-4.92,-50.04,115.1376086,-8.3716636,608.01,7.19,12.6,126.9,8,0.018
-0.19,-50.04,115.1376515,-8.3716636,607.42,8.18,14.4,127.5,13,0.029
4.53,-50.04,115.1376945,-8.3716636,606.71,9.06,15.9,128.1,9,0.02
9.26,-50.04,115.1377374,-8.3716636,605.93,9.74,17.2,128.4,18,0.04
13.99,-50.04,115.1377803,-8.3716636,605.11,10.15,17.9,128.6,10,0.022
18.71,-50.04,115.1378232,-8.3716636,604.28,10.24,18.1,128.7,21,0.047
23.44,-50.04,115.1378661,-8.3716636,603.5,10.01,17.7,128.9,24,0.054
28.17,-50.04,115.137909,-8.3716636,602.78,9.49,16.7,129.3,708,1.582
32.9,-50.04,115.1379519,-8.3716636,602.16,8.74,15.4,130.1,26,0.058
37.62,-50.04,115.1379949,-8.3716636,601.64,7.85,13.8,131.7,8,0.018
42.35,-50.04,115.1380378,-8.3716636,601.25,6.95,12.2,134.4,19,0.042
-42.73,-54.74,115.1372653,-8.3717061,609.34,5.43,9.5,127.1,14,0.031
-38.01,-54.74,115.1373082,-8.3717061,609.23,4.74,8.3,129.1,16,0.036
-33.28,-54.74,115.1373511,-8.3717061,609.23,4.29,7.5,130.0,18,0.04
-28.55,-54.74,115.137394,-8.3717061,609.28,4.15,7.3,129.3,12,0.027
-23.83,-54.74,115.137437,-8.3717061,609.29,4.35,7.6,127.4,10,0.022
-19.1,-54.74,115.1374799,-8.3717061,609.18,4.88,8.5,125.2,10,0.022
-14.37,-54.74,115.1375228,-8.3717061,608.86,5.67,9.9,123.7,9,0.02
-9.65,-54.74,115.1375657,-8.3717061,608.34,6.61,11.6,123.1,9,0.02
-4.92,-54.74,115.1376086,-8.3717061,607.68,7.58,13.3,123.0,9,0.02
-0.19,-54.74,115.1376515,-8.3717061,606.93,8.46,14.9,123.4,9,0.02
4.53,-54.74,115.1376945,-8.3717061,606.14,9.16,16.1,123.9,14,0.031
9.26,-54.74,115.1377374,-8.3717061,605.34,9.62,16.9,124.3,10,0.022
13.99,-54.74,115.1377803,-8.3717061,604.55,9.8,17.3,124.7,19,0.042
18.71,-54.74,115.1378232,-8.3717061,603.79,9.69,17.1,125.1,11,0.025
23.44,-54.74,115.1378661,-8.3717061,603.08,9.31,16.4,125.5,22,0.049
28.17,-54.74,115.137909,-8.3717061,602.43,8.69,15.3,126.1,25,0.056
32.9,-54.74,115.1379519,-8.3717061,601.88,7.92,13.9,127.2,709,1.584
37.62,-54.74,115.1379949,-8.3717061,601.41,7.08,12.4,128.9,27,0.06
-38.01,-59.43,115.1373082,-8.3717486,609.05,4.24,7.4,123.5,15,0.034
-33.28,-59.43,115.1373511,-8.3717486,609.12,3.98,7.0,126.1,17,0.038
-28.55,-59.43,115.137394,-8.3717486,609.24,4.06,7.1,126.9,19,0.042
-23.83,-59.43,115.137437,-8.3717486,609.3,4.46,7.8,125.9,13,0.029
-19.1,-59.43,115.1374799,-8.3717486,609.18,5.15,9.0,123.9,11,0.025
-14.37,-59.43,115.1375228,-8.3717486,608.78,6.02,10.6,122.1,11,0.025
-9.65,-59.43,115.1375657,-8.3717486,608.14,6.97,12.2,120.9,10,0.022
-4.92,-59.43,115.1376086,-8.3717486,607.34,7.87,13.8,120.2,10,0.022
-0.19,-59.43,115.1376515,-8.3717486,606.48,8.62,15.2,120.0,10,0.022
4.53,-59.43,115.1376945,-8.3717486,605.64,9.14,16.1,120.0,10,0.022
9.26,-59.43,115.1377374,-8.3717486,604.84,9.41,16.6,120.3,15,0.034
13.99,-59.43,115.1377803,-8.3717486,604.09,9.4,16.6,120.7,11,0.025
18.71,-59.43,115.1378232,-8.3717486,603.39,9.14,16.1,121.2,20,0.045
23.44,-59.43,115.1378661,-8.3717486,602.75,8.66,15.2,121.8,12,0.027
28.17,-59.43,115.137909,-8.3717486,602.16,8.01,14.1,122.7,23,0.051
32.9,-59.43,115.1379519,-8.3717486,601.65,7.25,12.7,124.0,26,0.058
-33.28,-64.13,115.1373511,-8.371791,609.04,3.97,6.9,121.5,16,0.036
-28.55,-64.13,115.137394,-8.371791,609.13,4.2,7.4,124.3,18,0.04
-23.83,-64.13,115.137437,-8.371791,609.14,4.73,8.3,124.6,20,0.045
-19.1,-64.13,115.1374799,-8.371791,608.98,5.48,9.6,123.3,14,0.031
-14.37,-64.13,115.1375228,-8.371791,608.53,6.36,11.1,121.4,12,0.027
-9.65,-64.13,115.1375657,-8.371791,607.84,7.24,12.7,119.6,12,0.027
-4.92,-64.13,115.1376086,-8.371791,606.99,8.03,14.1,118.1,11,0.025
-0.19,-64.13,115.1376515,-8.371791,606.09,8.63,15.2,117.1,11,0.025
4.53,-64.13,115.1376945,-8.371791,605.23,9.0,15.8,116.5,11,0.025
9.26,-64.13,115.1377374,-8.371791,604.44,9.12,16.1,116.3,11,0.025
13.99,-64.13,115.1377803,-8.371791,603.71,8.99,15.8,116.5,16,0.036
18.71,-64.13,115.1378232,-8.371791,603.04,8.64,15.2,116.9,12,0.027
23.44,-64.13,115.1378661,-8.371791,602.43,8.11,14.2,117.7,21,0.047
28.17,-64.13,115.137909,-8.371791,601.89,7.45,13.1,118.9,13,0.029
-28.55,-68.82,115.137394,-8.3718335,608.91,4.55,8.0,121.9,17,0.038
-23.83,-68.82,115.137437,-8.3718335,608.81,5.11,8.9,123.5,19,0.042
-19.1,-68.82,115.1374799,-8.3718335,608.56,5.82,10.2,122.8,21,0.047
-14.37,-68.82,115.1375228,-8.3718335,608.09,6.6,11.6,120.9,15,0.034
-9.65,-68.82,115.1375657,-8.3718335,607.41,7.35,12.9,118.6,13,0.029
-4.92,-68.82,115.1376086,-8.3718335,606.61,8.0,14.0,116.3,13,0.029
-0.19,-68.82,115.1376515,-8.3718335,605.75,8.47,14.9,114.4,12,0.027
4.53,-68.82,115.1376945,-8.3718335,604.91,8.73,15.4,113.0,24,0.054
9.26,-68.82,115.1377374,-8.3718335,604.12,8.77,15.4,112.1,36,0.08
13.99,-68.82,115.1377803,-8.3718335,603.38,8.58,15.1,111.9,48,0.107
18.71,-68.82,115.1378232,-8.3718335,602.71,8.2,14.4,112.2,65,0.145
23.44,-68.82,115.1378661,-8.3718335,602.11,7.66,13.4,113.0,78,0.174
-23.83,-73.52,115.137437,-8.3718759,608.36,5.49,9.6,122.2,18,0.04
-19.1,-73.52,115.1374799,-8.3718759,608.02,6.09,10.7,122.0,20,0.045
-14.37,-73.52,115.1375228,-8.3718759,607.54,6.7,11.7,120.2,22,0.049
-9.65,-73.52,115.1375657,-8.3718759,606.94,7.27,12.8,117.4,16,0.036
-4.92,-73.52,115.1376086,-8.3718759,606.24,7.76,13.6,114.4,14,0.031
-0.19,-73.52,115.1376515,-8.3718759,605.48,8.13,14.3,111.5,28,0.063
4.53,-73.52,115.1376945,-8.3718759,604.69,8.34,14.7,109.1,29,0.065
9.26,-73.52,115.1377374,-8.3718759,603.9,8.36,14.7,107.5,30,0.067
13.99,-73.52,115.1377803,-8.3718759,603.13,8.19,14.4,106.6,31,0.069
18.71,-73.52,115.1378232,-8.3718759,602.43,7.83,13.8,106.5,32,0.071
-23.83,-78.21,115.137437,-8.3719184,607.89,5.81,10.2,120.6,18,0.04
-19.1,-78.21,115.1374799,-8.3719184,607.45,6.21,10.9,120.7,19,0.042
-14.37,-78.21,115.1375228,-8.3719184,606.98,6.61,11.6,118.8,21,0.047
-9.65,-78.21,115.1375657,-8.3719184,606.47,6.99,12.3,115.7,23,0.051
-4.92,-78.21,115.1376086,-8.3719184,605.91,7.34,12.9,111.8,40,0.089
-0.19,-78.21,115.1376515,-8.3719184,605.27,7.63,13.4,107.9,41,0.092
4.53,-78.21,115.1376945,-8.3719184,604.54,7.84,13.8,104.6,42,0.094
9.26,-78.21,115.1377374,-8.3719184,603.76,7.91,13.9,102.0,43,0.096
13.99,-78.21,115.1377803,-8.3719184,602.98,7.82,13.7,100.4,44,0.098
18.71,-78.21,115.1378232,-8.3719184,602.24,7.55,13.2,99.9,45,0.101
23.44,-78.21,115.1378661,-8.3719184,601.59,7.1,12.5,100.4,46,0.103
28.17,-78.21,115.137909,-8.3719184,601.05,6.52,11.4,101.8,47,0.105
32.9,-78.21,115.1379519,-8.3719184,600.59,5.88,10.3,104.1,48,0.107
-19.1,-82.91,115.1374799,-8.3719609,606.96,6.15,10.8,118.8,19,0.042
-14.37,-82.91,115.1375228,-8.3719609,606.51,6.33,11.1,116.7,20,0.045
-9.65,-82.91,115.1375657,-8.3719609,606.09,6.52,11.4,113.0,42,0.094
-4.92,-82.91,115.1376086,-8.3719609,605.64,6.75,11.8,108.3,43,0.096
-0.19,-82.91,115.1376515,-8.3719609,605.11,7.01,12.3,103.4,44,0.098
4.53,-82.91,115.1376945,-8.3719609,604.46,7.27,12.8,99.0,45,0.101
9.26,-82.91,115.1377374,-8.3719609,603.72,7.47,13.1,95.5,46,0.103
13.99,-82.91,115.1377803,-8.3719609,602.94,7.52,13.2,93.3,47,0.105
18.71,-82.91,115.1378232,-8.3719609,602.18,7.38,12.9,92.3,48,0.107
23.44,-82.91,115.1378661,-8.3719609,601.5,7.03,12.3,92.5,49,0.109
28.17,-82.91,115.137909,-8.3719609,600.92,6.52,11.4,93.7,50,0.112
32.9,-82.91,115.1379519,-8.3719609,600.43,5.88,10.3,96.0,51,0.114
37.62,-82.91,115.1379949,-8.3719609,600.04,5.22,9.1,99.0,52,0.116
-19.1,-87.61,115.1374799,-8.3720033,606.6,5.92,10.4,116.3,132,0.295
-14.37,-87.61,115.1375228,-8.3720033,606.18,5.89,10.3,113.7,152,0.34
-9.65,-87.61,115.1375657,-8.3720033,605.82,5.92,10.4,109.3,153,0.342
-4.92,-87.61,115.1376086,-8.3720033,605.45,6.06,10.6,103.6,154,0.344
-0.19,-87.61,115.1376515,-8.3720033,605.01,6.34,11.1,97.5,155,0.346
4.53,-87.61,115.1376945,-8.3720033,604.45,6.7,11.7,92.2,156,0.348
9.26,-87.61,115.1377374,-8.3720033,603.77,7.06,12.4,88.2,157,0.351
13.99,-87.61,115.1377803,-8.3720033,603.02,7.3,12.8,85.6,158,0.353
18.71,-87.61,115.1378232,-8.3720033,602.27,7.34,12.9,84.4,159,0.355
23.44,-87.61,115.1378661,-8.3720033,601.57,7.14,12.5,84.4,160,0.357
28.17,-87.61,115.137909,-8.3720033,600.93,6.71,11.8,85.5,161,0.36
32.9,-87.61,115.1379519,-8.3720033,600.38,6.1,10.7,87.5,162,0.362
37.62,-87.61,115.1379949,-8.3720033,599.94,5.4,9.5,90.3,163,0.364
-14.37,-92.3,115.1375228,-8.3720458,605.96,5.31,9.3,109.7,2225,4.97
-9.65,-92.3,115.1375657,-8.3720458,605.64,5.23,9.1,104.2,2226,4.973
-4.92,-92.3,115.1376086,-8.3720458,605.34,5.34,9.3,97.3,2227,4.975
-0.19,-92.3,115.1376515,-8.3720458,604.98,5.67,9.9,90.2,2228,4.977
4.53,-92.3,115.1376945,-8.3720458,604.5,6.17,10.8,84.4,2229,4.979
9.26,-92.3,115.1377374,-8.3720458,603.9,6.72,11.8,80.3,2230,4.982
13.99,-92.3,115.1377803,-8.3720458,603.23,7.18,12.6,77.9,2231,4.984
18.71,-92.3,115.1378232,-8.3720458,602.51,7.43,13.0,77.0,2232,4.986
23.44,-92.3,115.1378661,-8.3720458,601.78,7.4,13.0,77.2,2233,4.988
28.17,-92.3,115.137909,-8.3720458,601.08,7.07,12.4,78.3,2234,4.991
32.9,-92.3,115.1379519,-8.3720458,600.45,6.5,11.4,80.1,2235,4.993
37.62,-92.3,115.1379949,-8.3720458,599.94,5.77,10.1,82.6,2236,4.995
-9.65,-97.0,115.1375657,-8.3720882,605.55,4.51,7.9,97.5,31,0.069
-4.92,-97.0,115.1376086,-8.3720882,605.3,4.64,8.1,89.3,32,0.071
-0.19,-97.0,115.1376515,-8.3720882,605.01,5.06,8.9,81.6,33,0.074
4.53,-97.0,115.1376945,-8.3720882,604.62,5.71,10.0,76.0,34,0.076
9.26,-97.0,115.1377374,-8.3720882,604.14,6.45,11.3,72.6,202,0.451
13.99,-97.0,115.1377803,-8.3720882,603.55,7.12,12.5,71.1,213,0.476
18.71,-97.0,115.1378232,-8.3720882,602.88,7.58,13.3,70.9,224,0.5
23.44,-97.0,115.1378661,-8.3720882,602.12,7.74,13.6,71.5,225,0.503
28.17,-97.0,115.137909,-8.3720882,601.35,7.54,13.2,72.9,226,0.505
32.9,-97.0,115.1379519,-8.3720882,600.63,7.03,12.3,74.7,227,0.507
37.62,-97.0,115.1379949,-8.3720882,600.04,6.29,11.0,76.9,228,0.509
-9.65,-101.69,115.1375657,-8.3721307,605.51,3.84,6.7,88.7,16,0.036
-4.92,-101.69,115.1376086,-8.3721307,605.32,4.04,7.1,79.5,17,0.038
-0.19,-101.69,115.1376515,-8.3721307,605.11,4.57,8.0,72.2,156,0.348
4.53,-101.69,115.1376945,-8.3721307,604.84,5.35,9.4,67.8,167,0.373
9.26,-101.69,115.1377374,-8.3721307,604.47,6.24,10.9,66.0,10,0.022
13.99,-101.69,115.1377803,-8.3721307,603.98,7.08,12.4,65.8,10,0.022
18.71,-101.69,115.1378232,-8.3721307,603.36,7.73,13.6,66.6,10,0.022
23.44,-101.69,115.1378661,-8.3721307,602.6,8.06,14.2,68.0,20,0.045
28.17,-101.69,115.137909,-8.3721307,601.75,8.01,14.1,69.6,21,0.047
32.9,-101.69,115.1379519,-8.3721307,600.92,7.59,13.3,71.5,22,0.049
37.62,-101.69,115.1379949,-8.3721307,600.22,6.87,12.0,73.6,23,0.051
-9.65,-106.39,115.1375657,-8.3721731,605.53,3.28,5.7,77.6,9,0.02
-4.92,-106.39,115.1376086,-8.3721731,605.4,3.58,6.3,68.4,138,0.308
-0.19,-106.39,115.1376515,-8.3721731,605.29,4.2,7.3,62.8,10,0.022
4.53,-106.39,115.1376945,-8.3721731,605.12,5.05,8.8,60.8,9,0.02
9.26,-106.39,115.1377374,-8.3721731,604.88,6.03,10.6,61.1,9,0.02
13.99,-106.39,115.1377803,-8.3721731,604.5,6.99,12.3,62.5,9,0.02
18.71,-106.39,115.1378232,-8.3721731,603.94,7.8,13.7,64.4,9,0.02
23.44,-106.39,115.1378661,-8.3721731,603.16,8.3,14.6,66.4,10,0.022
28.17,-106.39,115.137909,-8.3721731,602.23,8.41,14.8,68.4,11,0.025
32.9,-106.39,115.1379519,-8.3721731,601.3,8.09,14.2,70.3,12,0.027
-4.92,-111.09,115.1376086,-8.3722156,605.55,3.28,5.7,57.2,9,0.02
-0.19,-111.09,115.1376515,-8.3722156,605.52,3.93,6.9,54.7,8,0.018
4.53,-111.09,115.1376945,-8.3722156,605.45,4.79,8.4,55.7,8,0.018
9.26,-111.09,115.1377374,-8.3722156,605.31,5.79,10.1,58.3,8,0.018
13.99,-111.09,115.1377803,-8.3722156,605.02,6.84,12.0,61.3,8,0.018
18.71,-111.09,115.1378232,-8.3722156,604.5,7.77,13.6,64.2,9,0.02
23.44,-111.09,115.1378661,-8.3722156,603.71,8.42,14.8,66.7,9,0.02
-4.92,-115.78,115.1376086,-8.3722581,605.77,3.09,5.4,47.9,7,0.016
-0.19,-115.78,115.1376515,-8.3722581,605.79,3.72,6.5,49.0,7,0.016
4.53,-115.78,115.1376945,-8.3722581,605.79,4.54,7.9,53.0,7,0.016
9.26,-115.78,115.1377374,-8.3722581,605.71,5.54,9.7,57.8,7,0.016
13.99,-115.78,115.1377803,-8.3722581,605.46,6.63,11.6,62.1,8,0.018
-0.19,-120.48,115.1376515,-8.3723005,606.09,3.53,6.2,46.2,6,0.013
4.53,-120.48,115.1376945,-8.3723005,606.1,4.31,7.5,52.8,6,0.013
9.26,-120.48,115.1377374,-8.3723005,606.0,5.3,9.3,59.2,7,0.016
-0.19,-125.17,115.1376515,-8.372343,606.41,3.33,5.8,46.4,5,0.011
4.53,-125.17,115.1376945,-8.372343,606.36,4.1,7.2,54.8,6,0.013
-0.19,-129.87,115.1376515,-8.3723854,606.7,3.12,5.4,49.1,5,0.011
4.53,-129.87,115.1376945,-8.3723854,606.56,3.92,6.8,58.2,5,0.011
