hari_ke,tanggal,periode,tahap,eto,etc,perkolasi,wlr,kebutuhan,re,nfr,dr_l_s_ha
-30,2024-10-02,19,siap lahan,3.9455934259563765,,2.0,0.0,11.90155975275366,1.7322666666666666,10.169293086086993,1.810771560912926
-29,2024-10-03,19,siap lahan,3.9455934259563765,,2.0,0.0,11.90155975275366,1.7322666666666666,10.169293086086993,1.810771560912926
-28,2024-10-04,19,siap lahan,3.9455934259563765,,2.0,0.0,11.90155975275366,1.7322666666666666,10.169293086086993,1.810771560912926
-27,2024-10-05,19,siap lahan,3.9455934259563765,,2.0,0.0,11.90155975275366,1.7322666666666666,10.169293086086993,1.810771560912926
-26,2024-10-06,19,siap lahan,3.9455934259563765,,2.0,0.0,11.90155975275366,1.7322666666666666,10.169293086086993,1.810771560912926
-25,2024-10-07,19,siap lahan,3.9455934259563765,,2.0,0.0,11.90155975275366,1.7322666666666666,10.169293086086993,1.810771560912926
-24,2024-10-08,19,siap lahan,3.9455934259563765,,2.0,0.0,11.90155975275366,1.7322666666666666,10.169293086086993,1.810771560912926
-23,2024-10-09,19,siap lahan,3.9455934259563765,,2.0,0.0,11.90155975275366,1.7322666666666666,10.169293086086993,1.810771560912926
-22,2024-10-10,19,siap lahan,3.9455934259563765,,2.0,0.0,11.90155975275366,1.7322666666666666,10.169293086086993,1.810771560912926
-21,2024-10-11,19,siap lahan,3.9455934259563765,,2.0,0.0,11.90155975275366,1.7322666666666666,10.169293086086993,1.810771560912926
-20,2024-10-12,19,siap lahan,3.9455934259563765,,2.0,0.0,11.90155975275366,1.7322666666666666,10.169293086086993,1.810771560912926
-19,2024-10-13,19,siap lahan,3.9455934259563765,,2.0,0.0,11.90155975275366,1.7322666666666666,10.169293086086993,1.810771560912926
-18,2024-10-14,19,siap lahan,3.9455934259563765,,2.0,0.0,11.90155975275366,1.7322666666666666,10.169293086086993,1.810771560912926
-17,2024-10-15,19,siap lahan,3.9455934259563765,,2.0,0.0,11.90155975275366,1.7322666666666666,10.169293086086993,1.810771560912926
-16,2024-10-16,20,siap lahan,3.9643267818462675,,2.0,0.0,11.914430703573137,2.4928749999999993,9.421555703573137,1.6776274400949316
-15,2024-10-17,20,siap lahan,3.9643267818462675,,2.0,0.0,11.914430703573137,2.4928749999999993,9.421555703573137,1.6776274400949316
-14,2024-10-18,20,siap lahan,3.9643267818462675,,2.0,0.0,11.914430703573137,2.4928749999999993,9.421555703573137,1.6776274400949316
-13,2024-10-19,20,siap lahan,3.9643267818462675,,2.0,0.0,11.914430703573137,2.4928749999999993,9.421555703573137,1.6776274400949316
-12,2024-10-20,20,siap lahan,3.9643267818462675,,2.0,0.0,11.914430703573137,2.4928749999999993,9.421555703573137,1.6776274400949316
-11,2024-10-21,20,siap lahan,3.9643267818462675,,2.0,0.0,11.914430703573137,2.4928749999999993,9.421555703573137,1.6776274400949316
-10,2024-10-22,20,siap lahan,3.9643267818462675,,2.0,0.0,11.914430703573137,2.4928749999999993,9.421555703573137,1.6776274400949316
-9,2024-10-23,20,siap lahan,3.9643267818462675,,2.0,0.0,11.914430703573137,2.4928749999999993,9.421555703573137,1.6776274400949316
-8,2024-10-24,20,siap lahan,3.9643267818462675,,2.0,0.0,11.914430703573137,2.4928749999999993,9.421555703573137,1.6776274400949316
-7,2024-10-25,20,siap lahan,3.9643267818462675,,2.0,0.0,11.914430703573137,2.4928749999999993,9.421555703573137,1.6776274400949316
-6,2024-10-26,20,siap lahan,3.9643267818462675,,2.0,0.0,11.914430703573137,2.4928749999999993,9.421555703573137,1.6776274400949316
-5,2024-10-27,20,siap lahan,3.9643267818462675,,2.0,0.0,11.914430703573137,2.4928749999999993,9.421555703573137,1.6776274400949316
-4,2024-10-28,20,siap lahan,3.9643267818462675,,2.0,0.0,11.914430703573137,2.4928749999999993,9.421555703573137,1.6776274400949316
-3,2024-10-29,20,siap lahan,3.9643267818462675,,2.0,0.0,11.914430703573137,2.4928749999999993,9.421555703573137,1.6776274400949316
-2,2024-10-30,20,siap lahan,3.9643267818462675,,2.0,0.0,11.914430703573137,2.4928749999999993,9.421555703573137,1.6776274400949316
-1,2024-10-31,20,siap lahan,3.9643267818462675,,2.0,0.0,11.914430703573137,2.4928749999999993,9.421555703573137,1.6776274400949316
0,2024-11-01,21,awal,3.8124373090952237,3.850561682186176,2.0,0.0,5.850561682186176,3.01,2.840561682186176,0.5057980203322963
1,2024-11-02,21,awal,3.8124373090952237,3.850561682186176,2.0,0.0,5.850561682186176,3.01,2.840561682186176,0.5057980203322963
2,2024-11-03,21,awal,3.8124373090952237,3.850561682186176,2.0,0.0,5.850561682186176,3.01,2.840561682186176,0.5057980203322963
3,2024-11-04,21,awal,3.8124373090952237,3.850561682186176,2.0,0.0,5.850561682186176,3.01,2.840561682186176,0.5057980203322963
4,2024-11-05,21,awal,3.8124373090952237,3.850561682186176,2.0,0.0,5.850561682186176,3.01,2.840561682186176,0.5057980203322963
5,2024-11-06,21,awal,3.8124373090952237,3.850561682186176,2.0,0.0,5.850561682186176,3.01,2.840561682186176,0.5057980203322963
6,2024-11-07,21,awal,3.8124373090952237,3.850561682186176,2.0,0.0,5.850561682186176,3.01,2.840561682186176,0.5057980203322963
7,2024-11-08,21,awal,3.8124373090952237,3.850561682186176,2.0,0.0,5.850561682186176,3.01,2.840561682186176,0.5057980203322963
8,2024-11-09,21,awal,3.8124373090952237,3.850561682186176,2.0,0.0,5.850561682186176,3.01,2.840561682186176,0.5057980203322963
9,2024-11-10,21,awal,3.8124373090952237,3.850561682186176,2.0,0.0,5.850561682186176,3.01,2.840561682186176,0.5057980203322963
10,2024-11-11,21,awal,3.8124373090952237,3.850561682186176,2.0,0.0,5.850561682186176,3.01,2.840561682186176,0.5057980203322963
11,2024-11-12,21,awal,3.8124373090952237,3.850561682186176,2.0,0.0,5.850561682186176,3.01,2.840561682186176,0.5057980203322963
12,2024-11-13,21,awal,3.8124373090952237,3.850561682186176,2.0,0.0,5.850561682186176,3.01,2.840561682186176,0.5057980203322963
13,2024-11-14,21,awal,3.8124373090952237,3.850561682186176,2.0,0.0,5.850561682186176,3.01,2.840561682186176,0.5057980203322963
14,2024-11-15,21,awal,3.8124373090952237,3.850561682186176,2.0,0.0,5.850561682186176,3.01,2.840561682186176,0.5057980203322963
15,2024-11-16,22,awal,3.587778759420658,3.6236565470148645,2.0,0.0,5.623656547014864,5.138933333333332,0.4847232136815318,0.0863111135472813
16,2024-11-17,22,awal,3.587778759420658,3.6236565470148645,2.0,0.0,5.623656547014864,5.138933333333332,0.4847232136815318,0.0863111135472813
17,2024-11-18,22,awal,3.587778759420658,3.6236565470148645,2.0,0.0,5.623656547014864,5.138933333333332,0.4847232136815318,0.0863111135472813
18,2024-11-19,22,awal,3.587778759420658,3.6236565470148645,2.0,0.0,5.623656547014864,5.138933333333332,0.4847232136815318,0.0863111135472813
19,2024-11-20,22,awal,3.587778759420658,3.6236565470148645,2.0,0.0,5.623656547014864,5.138933333333332,0.4847232136815318,0.0863111135472813
20,2024-11-21,22,perkembangan,3.587778759420658,3.6595343346090714,2.0,0.0,5.659534334609072,5.138933333333332,0.5206010012757396,0.09269960848926986
21,2024-11-22,22,perkembangan,3.587778759420658,3.6595343346090714,2.0,0.0,5.659534334609072,5.138933333333332,0.5206010012757396,0.09269960848926986
22,2024-11-23,22,perkembangan,3.587778759420658,3.6595343346090714,2.0,0.0,5.659534334609072,5.138933333333332,0.5206010012757396,0.09269960848926986
23,2024-11-24,22,perkembangan,3.587778759420658,3.6595343346090714,2.0,0.0,5.659534334609072,5.138933333333332,0.5206010012757396,0.09269960848926986
24,2024-11-25,22,perkembangan,3.587778759420658,3.6595343346090714,2.0,0.0,5.659534334609072,5.138933333333332,0.5206010012757396,0.09269960848926986
25,2024-11-26,22,perkembangan,3.587778759420658,3.6595343346090714,2.0,0.0,5.659534334609072,5.138933333333332,0.5206010012757396,0.09269960848926986
26,2024-11-27,22,perkembangan,3.587778759420658,3.6595343346090714,2.0,0.0,5.659534334609072,5.138933333333332,0.5206010012757396,0.09269960848926986
27,2024-11-28,22,perkembangan,3.587778759420658,3.6595343346090714,2.0,0.0,5.659534334609072,5.138933333333332,0.5206010012757396,0.09269960848926986
28,2024-11-29,22,perkembangan,3.587778759420658,3.6595343346090714,2.0,0.0,5.659534334609072,5.138933333333332,0.5206010012757396,0.09269960848926986
29,2024-11-30,22,perkembangan,3.587778759420658,3.6595343346090714,2.0,0.0,5.659534334609072,5.138933333333332,0.5206010012757396,0.09269960848926986
30,2024-12-01,23,perkembangan,3.426972797914828,3.495512253873125,2.0,3.3333333333333335,8.828845587206459,7.144666666666666,1.684178920539793,0.2998894089280258
31,2024-12-02,23,perkembangan,3.426972797914828,3.495512253873125,2.0,3.3333333333333335,8.828845587206459,7.144666666666666,1.684178920539793,0.2998894089280258
32,2024-12-03,23,perkembangan,3.426972797914828,3.495512253873125,2.0,3.3333333333333335,8.828845587206459,7.144666666666666,1.684178920539793,0.2998894089280258
33,2024-12-04,23,perkembangan,3.426972797914828,3.495512253873125,2.0,3.3333333333333335,8.828845587206459,7.144666666666666,1.684178920539793,0.2998894089280258
34,2024-12-05,23,perkembangan,3.426972797914828,3.495512253873125,2.0,3.3333333333333335,8.828845587206459,7.144666666666666,1.684178920539793,0.2998894089280258
35,2024-12-06,23,perkembangan,3.426972797914828,3.495512253873125,2.0,3.3333333333333335,8.828845587206459,7.144666666666666,1.684178920539793,0.2998894089280258
36,2024-12-07,23,perkembangan,3.426972797914828,3.495512253873125,2.0,3.3333333333333335,8.828845587206459,7.144666666666666,1.684178920539793,0.2998894089280258
37,2024-12-08,23,perkembangan,3.426972797914828,3.495512253873125,2.0,3.3333333333333335,8.828845587206459,7.144666666666666,1.684178920539793,0.2998894089280258
38,2024-12-09,23,perkembangan,3.426972797914828,3.495512253873125,2.0,3.3333333333333335,8.828845587206459,7.144666666666666,1.684178920539793,0.2998894089280258
39,2024-12-10,23,perkembangan,3.426972797914828,3.495512253873125,2.0,3.3333333333333335,8.828845587206459,7.144666666666666,1.684178920539793,0.2998894089280258
40,2024-12-11,23,perkembangan,3.426972797914828,3.495512253873125,2.0,3.3333333333333335,8.828845587206459,7.144666666666666,1.684178920539793,0.2998894089280258
41,2024-12-12,23,perkembangan,3.426972797914828,3.495512253873125,2.0,3.3333333333333335,8.828845587206459,7.144666666666666,1.684178920539793,0.2998894089280258
42,2024-12-13,23,perkembangan,3.426972797914828,3.495512253873125,2.0,3.3333333333333335,8.828845587206459,7.144666666666666,1.684178920539793,0.2998894089280258
43,2024-12-14,23,perkembangan,3.426972797914828,3.495512253873125,2.0,3.3333333333333335,8.828845587206459,7.144666666666666,1.684178920539793,0.2998894089280258
44,2024-12-15,23,perkembangan,3.426972797914828,3.495512253873125,2.0,3.3333333333333335,8.828845587206459,7.144666666666666,1.684178920539793,0.2998894089280258
45,2024-12-16,24,perkembangan,3.441100120605168,3.5099221230172715,2.0,0.0,5.5099221230172715,6.4872499999999995,0.0,0.0
46,2024-12-17,24,perkembangan,3.441100120605168,3.5099221230172715,2.0,0.0,5.5099221230172715,6.4872499999999995,0.0,0.0
47,2024-12-18,24,perkembangan,3.441100120605168,3.5099221230172715,2.0,0.0,5.5099221230172715,6.4872499999999995,0.0,0.0
48,2024-12-19,24,perkembangan,3.441100120605168,3.5099221230172715,2.0,0.0,5.5099221230172715,6.4872499999999995,0.0,0.0
49,2024-12-20,24,perkembangan,3.441100120605168,3.5099221230172715,2.0,0.0,5.5099221230172715,6.4872499999999995,0.0,0.0
50,2024-12-21,24,reproduktif,3.441100120605168,3.7507991314596336,2.0,0.0,5.750799131459633,6.4872499999999995,0.0,0.0
51,2024-12-22,24,reproduktif,3.441100120605168,3.7507991314596336,2.0,0.0,5.750799131459633,6.4872499999999995,0.0,0.0
52,2024-12-23,24,reproduktif,3.441100120605168,3.7507991314596336,2.0,0.0,5.750799131459633,6.4872499999999995,0.0,0.0
53,2024-12-24,24,reproduktif,3.441100120605168,3.7507991314596336,2.0,0.0,5.750799131459633,6.4872499999999995,0.0,0.0
54,2024-12-25,24,reproduktif,3.441100120605168,3.7507991314596336,2.0,0.0,5.750799131459633,6.4872499999999995,0.0,0.0
55,2024-12-26,24,reproduktif,3.441100120605168,3.7507991314596336,2.0,0.0,5.750799131459633,6.4872499999999995,0.0,0.0
56,2024-12-27,24,reproduktif,3.441100120605168,3.7507991314596336,2.0,0.0,5.750799131459633,6.4872499999999995,0.0,0.0
57,2024-12-28,24,reproduktif,3.441100120605168,3.7507991314596336,2.0,0.0,5.750799131459633,6.4872499999999995,0.0,0.0
58,2024-12-29,24,reproduktif,3.441100120605168,3.7507991314596336,2.0,0.0,5.750799131459633,6.4872499999999995,0.0,0.0
59,2024-12-30,24,reproduktif,3.441100120605168,3.7507991314596336,2.0,0.0,5.750799131459633,6.4872499999999995,0.0,0.0
60,2024-12-31,24,reproduktif,3.441100120605168,3.7507991314596336,2.0,3.3333333333333335,9.084132464792967,6.4872499999999995,2.5968824647929676,0.46240784629504406
61,2025-01-01,1,reproduktif,3.5621632659885334,3.8827579599275017,2.0,3.3333333333333335,9.216091293260835,4.807599999999999,4.408491293260836,0.7849877658940234
62,2025-01-02,1,reproduktif,3.5621632659885334,3.8827579599275017,2.0,3.3333333333333335,9.216091293260835,4.807599999999999,4.408491293260836,0.7849877658940234
63,2025-01-03,1,reproduktif,3.5621632659885334,3.8827579599275017,2.0,3.3333333333333335,9.216091293260835,4.807599999999999,4.408491293260836,0.7849877658940234
64,2025-01-04,1,reproduktif,3.5621632659885334,3.8827579599275017,2.0,3.3333333333333335,9.216091293260835,4.807599999999999,4.408491293260836,0.7849877658940234
65,2025-01-05,1,reproduktif,3.5621632659885334,3.8827579599275017,2.0,3.3333333333333335,9.216091293260835,4.807599999999999,4.408491293260836,0.7849877658940234
66,2025-01-06,1,reproduktif,3.5621632659885334,3.8827579599275017,2.0,3.3333333333333335,9.216091293260835,4.807599999999999,4.408491293260836,0.7849877658940234
67,2025-01-07,1,reproduktif,3.5621632659885334,3.8827579599275017,2.0,3.3333333333333335,9.216091293260835,4.807599999999999,4.408491293260836,0.7849877658940234
68,2025-01-08,1,reproduktif,3.5621632659885334,3.8827579599275017,2.0,3.3333333333333335,9.216091293260835,4.807599999999999,4.408491293260836,0.7849877658940234
69,2025-01-09,1,reproduktif,3.5621632659885334,3.8827579599275017,2.0,3.3333333333333335,9.216091293260835,4.807599999999999,4.408491293260836,0.7849877658940234
70,2025-01-10,1,reproduktif,3.5621632659885334,3.8827579599275017,2.0,3.3333333333333335,9.216091293260835,4.807599999999999,4.408491293260836,0.7849877658940234
71,2025-01-11,1,reproduktif,3.5621632659885334,3.8827579599275017,2.0,3.3333333333333335,9.216091293260835,4.807599999999999,4.408491293260836,0.7849877658940234
72,2025-01-12,1,reproduktif,3.5621632659885334,3.8827579599275017,2.0,3.3333333333333335,9.216091293260835,4.807599999999999,4.408491293260836,0.7849877658940234
73,2025-01-13,1,reproduktif,3.5621632659885334,3.8827579599275017,2.0,3.3333333333333335,9.216091293260835,4.807599999999999,4.408491293260836,0.7849877658940234
74,2025-01-14,1,reproduktif,3.5621632659885334,3.8827579599275017,2.0,3.3333333333333335,9.216091293260835,4.807599999999999,4.408491293260836,0.7849877658940234
75,2025-01-15,1,reproduktif,3.5621632659885334,3.8827579599275017,2.0,0.0,5.882757959927502,4.807599999999999,1.0751579599275027,0.19144550568509663
76,2025-01-16,2,reproduktif,3.3776153712007906,3.681600754608862,2.0,0.0,5.681600754608862,5.305124999999999,0.3764757546088626,0.06703628109132169
77,2025-01-17,2,reproduktif,3.3776153712007906,3.681600754608862,2.0,0.0,5.681600754608862,5.305124999999999,0.3764757546088626,0.06703628109132169
78,2025-01-18,2,reproduktif,3.3776153712007906,3.681600754608862,2.0,0.0,5.681600754608862,5.305124999999999,0.3764757546088626,0.06703628109132169
79,2025-01-19,2,reproduktif,3.3776153712007906,3.681600754608862,2.0,0.0,5.681600754608862,5.305124999999999,0.3764757546088626,0.06703628109132169
80,2025-01-20,2,reproduktif,3.3776153712007906,3.681600754608862,2.0,0.0,5.681600754608862,5.305124999999999,0.3764757546088626,0.06703628109132169
81,2025-01-21,2,reproduktif,3.3776153712007906,3.681600754608862,2.0,0.0,5.681600754608862,5.305124999999999,0.3764757546088626,0.06703628109132169
82,2025-01-22,2,reproduktif,3.3776153712007906,3.681600754608862,2.0,0.0,5.681600754608862,5.305124999999999,0.3764757546088626,0.06703628109132169
83,2025-01-23,2,reproduktif,3.3776153712007906,3.681600754608862,2.0,0.0,5.681600754608862,5.305124999999999,0.3764757546088626,0.06703628109132169
84,2025-01-24,2,reproduktif,3.3776153712007906,3.681600754608862,2.0,0.0,5.681600754608862,5.305124999999999,0.3764757546088626,0.06703628109132169
85,2025-01-25,2,reproduktif,3.3776153712007906,3.681600754608862,2.0,0.0,5.681600754608862,5.305124999999999,0.3764757546088626,0.06703628109132169
86,2025-01-26,2,reproduktif,3.3776153712007906,3.681600754608862,2.0,0.0,5.681600754608862,5.305124999999999,0.3764757546088626,0.06703628109132169
87,2025-01-27,2,reproduktif,3.3776153712007906,3.681600754608862,2.0,0.0,5.681600754608862,5.305124999999999,0.3764757546088626,0.06703628109132169
88,2025-01-28,2,reproduktif,3.3776153712007906,3.681600754608862,2.0,0.0,5.681600754608862,5.305124999999999,0.3764757546088626,0.06703628109132169
89,2025-01-29,2,reproduktif,3.3776153712007906,3.681600754608862,2.0,0.0,5.681600754608862,5.305124999999999,0.3764757546088626,0.06703628109132169
90,2025-01-30,2,akhir,3.3776153712007906,3.5464961397608303,2.0,0.0,5.54649613976083,5.305124999999999,0.24137113976083047,0.04297919155285442
91,2025-01-31,2,akhir,3.3776153712007906,3.5464961397608303,2.0,0.0,5.54649613976083,5.305124999999999,0.24137113976083047,0.04297919155285442
92,2025-02-01,3,akhir,3.3280856294637835,3.4944899109369727,2.0,0.0,5.494489910936973,7.471333333333331,0.0,0.0
93,2025-02-02,3,akhir,3.3280856294637835,3.4944899109369727,2.0,0.0,5.494489910936973,7.471333333333331,0.0,0.0
94,2025-02-03,3,akhir,3.3280856294637835,3.4944899109369727,2.0,0.0,5.494489910936973,7.471333333333331,0.0,0.0
95,2025-02-04,3,akhir,3.3280856294637835,3.4944899109369727,2.0,0.0,5.494489910936973,7.471333333333331,0.0,0.0
96,2025-02-05,3,akhir,3.3280856294637835,3.4944899109369727,2.0,0.0,5.494489910936973,7.471333333333331,0.0,0.0
97,2025-02-06,3,akhir,3.3280856294637835,3.4944899109369727,2.0,0.0,5.494489910936973,7.471333333333331,0.0,0.0
98,2025-02-07,3,akhir,3.3280856294637835,3.4944899109369727,2.0,0.0,5.494489910936973,7.471333333333331,0.0,0.0
99,2025-02-08,3,akhir,3.3280856294637835,3.4944899109369727,2.0,0.0,5.494489910936973,7.471333333333331,0.0,0.0
100,2025-02-09,3,akhir,3.3280856294637835,3.4944899109369727,2.0,0.0,5.494489910936973,7.471333333333331,0.0,0.0
101,2025-02-10,3,akhir,3.3280856294637835,3.4944899109369727,2.0,0.0,5.494489910936973,7.471333333333331,0.0,0.0
102,2025-02-11,3,akhir,3.3280856294637835,3.4944899109369727,2.0,0.0,5.494489910936973,7.471333333333331,0.0,0.0
103,2025-02-12,3,akhir,3.3280856294637835,3.4944899109369727,2.0,0.0,5.494489910936973,7.471333333333331,0.0,0.0
104,2025-02-13,3,akhir,3.3280856294637835,3.4944899109369727,2.0,0.0,5.494489910936973,7.471333333333331,0.0,0.0
105,2025-02-14,3,akhir,3.3280856294637835,3.4944899109369727,2.0,0.0,5.494489910936973,7.471333333333331,0.0,0.0
106,2025-02-15,3,akhir,3.3280856294637835,3.4944899109369727,2.0,0.0,5.494489910936973,7.471333333333331,0.0,0.0
107,2025-02-16,4,akhir,3.6532087105961444,3.835869146125952,2.0,0.0,5.835869146125952,6.927368421052629,0.0,0.0
108,2025-02-17,4,akhir,3.6532087105961444,3.835869146125952,2.0,0.0,5.835869146125952,6.927368421052629,0.0,0.0
109,2025-02-18,4,akhir,3.6532087105961444,3.835869146125952,2.0,0.0,5.835869146125952,6.927368421052629,0.0,0.0
